Canis latrans,Mustela nivalis
Canis latrans,Vulpes vulpes
Canis latrans,Mustela erminea
Canis latrans,Lontra canadensis
Canis latrans,Enhydra lutris
Canis latrans,Mustela nigripes
Canis latrans,Mustela macrodon
Canis latrans,Mustela frenata
Canis latrans,Mustela vison
Canis latrans,Urocyon cinereoargenteus
Canis latrans,Vulpes velox
Canis latrans,Martes americana
Canis latrans,Vulpes lagopus
Canis latrans,Mus musculus
Canis latrans,Lepus europaeus
Canis latrans,Dama dama
Canis latrans,Ovis canadensis
Canis latrans,Ovis dalli
Canis latrans,Oreamnos americanus
Canis latrans,Alces alces
Canis latrans,Odocoileus hemionus
Canis latrans,Odocoileus virginianus
Canis latrans,Rangifer tarandus
Canis latrans,Didelphis virginiana
Canis latrans,Castor canadensis
Canis latrans,Erethizon dorsatus
Canis latrans,Sciurus carolinensis
Canis latrans,Glaucomys sabrinus
Canis latrans,Marmota broweri
Canis latrans,Marmota vancouverensis
Canis latrans,Urocitellus parryii
Canis latrans,Urocitellus richardsonii
Canis latrans,Callospermophilus saturatus
Canis latrans,Ictidomys tridecemlineatus
Canis latrans,Poliocitellus franklinii
Canis latrans,Callospermophilus lateralis
Canis latrans,Urocitellus columbianus
Canis latrans,Sorex maritimensis
Canis latrans,Sorex fumeus
Canis latrans,Sorex rohweri
Canis latrans,Scapanus townsendii
Canis latrans,Dicrostonyx nunatakensis
Canis latrans,Ondatra zibethicus
Canis latrans,Microtus montanus
Canis latrans,Microtus xanthognathus
Canis latrans,Peromyscus maniculatus
Canis latrans,Synaptomys borealis
Canis latrans,Sylvilagus transitionalis
Canis latrans,Ochotona collaris
Canis latrans,Ochotona princeps
Canis latrans,Lepus americanus
Canis latrans,Lepus arcticus
Canis latrans,Lepus townsendii
Canis latrans,Sylvilagus floridanus
Canis latrans,Sylvilagus nuttallii
Canis latrans,Eschrichtius robustus
Canis latrans,Berardius bairdii
Canis latrans,Delphinapterus leucas
Canis latrans,Hyperoodon ampullatus
Canis latrans,Kogia breviceps
Canis latrans,Kogia sima
Canis latrans,Mesoplodon bidens
Canis latrans,Mesoplodon carlhubbsi
Canis latrans,Mesoplodon densirostris
Canis latrans,Mesoplodon mirus
Canis latrans,Mesoplodon stejnegeri
Canis latrans,Monodon monoceros
Canis latrans,Phocoena phocoena
Canis latrans,Phocoenoides dalli
Canis latrans,Ziphius cavirostris
Canis latrans,Ovibos moschatus
Canis latrans,Antilocapra americana
Canis latrans,Aplodontia rufa
Canis latrans,Cynomys ludovicianus
Canis latrans,Dipodomys ordii
Canis latrans,Glaucomys volans
Canis latrans,Microtus oeconomus
Canis latrans,Microtus pennsylvanicus
Canis latrans,Microtus townsendii
Canis latrans,Onychomys leucogaster
Canis latrans,Peromyscus leucopus
Canis latrans,Reithrodontomys megalotis
Canis latrans,Sciurus niger
Canis latrans,Zapus trinotatus
Canis latrans,Cryptotis parva
Canis latrans,Sorex arcticus
Canis latrans,Sorex bendirii
Canis latrans,Sorex cinereus
Canis latrans,Sorex dispar
Canis latrans,Sorex haydeni
Canis latrans,Sorex hoyi
Canis latrans,Sorex merriami
Canis latrans,Sorex palustris
Canis latrans,Sorex trowbridgii
Canis latrans,Sorex tundrensis
Canis latrans,Sorex ugyunak
Canis latrans,Sorex vagrans
Canis latrans,Blarina brevicauda
Canis latrans,Condylura cristata
Canis latrans,Neurotrichus gibbsii
Canis latrans,Parascalops breweri
Canis latrans,Scalopus aquaticus
Canis latrans,Scapanus orarius
Canis latrans,Marmota flaviventris
Canis latrans,Marmota monax
Canis latrans,Tamias amoenus
Canis latrans,Tamias minimus
Canis latrans,Tamias striatus
Canis latrans,Tamias townsendii
Canis latrans,Tamiasciurus douglasii
Canis latrans,Tamiasciurus hudsonicus
Canis latrans,Geomys bursarius
Canis latrans,Thomomys talpoides
Canis latrans,Perognathus fasciatus
Canis latrans,Perognathus parvus
Canis latrans,Napaeozapus insignis
Canis latrans,Zapus hudsonius
Canis latrans,Zapus princeps
Canis latrans,Myodes gapperi
Canis latrans,Dicrostonyx groenlandicus
Canis latrans,Dicrostonyx hudsonius
Canis latrans,Dicrostonyx richardsoni
Canis latrans,Lemmiscus curtatus
Canis latrans,Microtus chrotorrhinus
Canis latrans,Microtus longicaudus
Canis latrans,Microtus miurus
Canis latrans,Microtus ochrogaster
Canis latrans,Microtus oregoni
Canis latrans,Microtus pinetorum
Canis latrans,Microtus richardsoni
Canis latrans,Phenacomys intermedius
Canis latrans,Phenacomys ungava
Canis latrans,Synaptomys cooperi
Canis latrans,Neotoma cinerea
Canis latrans,Peromyscus keeni
Canis latrans,Lemmus trimucronatus
Canis latrans,Sorex preblei
Canis latrans,Marmota caligata
Canis latrans,Bison bison
Canis latrans,Cervus elaphus
Canis latrans,Myodes rutilus
Canis latrans,Sorex monticolus
Canis lupus,Mustela nivalis
Canis lupus,Vulpes vulpes
Canis lupus,Mustela erminea
Canis lupus,Canis lupus
Canis lupus,Lontra canadensis
Canis lupus,Enhydra lutris
Canis lupus,Mustela nigripes
Canis lupus,Mustela macrodon
Canis lupus,Mustela frenata
Canis lupus,Mustela vison
Canis lupus,Urocyon cinereoargenteus
Canis lupus,Vulpes velox
Canis lupus,Canis latrans
Canis lupus,Martes americana
Canis lupus,Vulpes lagopus
Canis lupus,Mus musculus
Canis lupus,Lepus europaeus
Canis lupus,Dama dama
Canis lupus,Ovis canadensis
Canis lupus,Ovis dalli
Canis lupus,Oreamnos americanus
Canis lupus,Alces alces
Canis lupus,Odocoileus hemionus
Canis lupus,Odocoileus virginianus
Canis lupus,Rangifer tarandus
Canis lupus,Didelphis virginiana
Canis lupus,Castor canadensis
Canis lupus,Erethizon dorsatus
Canis lupus,Sciurus carolinensis
Canis lupus,Glaucomys sabrinus
Canis lupus,Marmota broweri
Canis lupus,Marmota vancouverensis
Canis lupus,Urocitellus parryii
Canis lupus,Urocitellus richardsonii
Canis lupus,Callospermophilus saturatus
Canis lupus,Ictidomys tridecemlineatus
Canis lupus,Poliocitellus franklinii
Canis lupus,Callospermophilus lateralis
Canis lupus,Urocitellus columbianus
Canis lupus,Sorex maritimensis
Canis lupus,Sorex fumeus
Canis lupus,Sorex rohweri
Canis lupus,Scapanus townsendii
Canis lupus,Dicrostonyx nunatakensis
Canis lupus,Ondatra zibethicus
Canis lupus,Microtus montanus
Canis lupus,Microtus xanthognathus
Canis lupus,Peromyscus maniculatus
Canis lupus,Synaptomys borealis
Canis lupus,Sylvilagus transitionalis
Canis lupus,Ochotona collaris
Canis lupus,Ochotona princeps
Canis lupus,Lepus americanus
Canis lupus,Lepus arcticus
Canis lupus,Lepus townsendii
Canis lupus,Sylvilagus floridanus
Canis lupus,Sylvilagus nuttallii
Canis lupus,Eschrichtius robustus
Canis lupus,Berardius bairdii
Canis lupus,Delphinapterus leucas
Canis lupus,Hyperoodon ampullatus
Canis lupus,Kogia breviceps
Canis lupus,Kogia sima
Canis lupus,Mesoplodon bidens
Canis lupus,Mesoplodon carlhubbsi
Canis lupus,Mesoplodon densirostris
Canis lupus,Mesoplodon mirus
Canis lupus,Mesoplodon stejnegeri
Canis lupus,Monodon monoceros
Canis lupus,Phocoena phocoena
Canis lupus,Phocoenoides dalli
Canis lupus,Ziphius cavirostris
Canis lupus,Ovibos moschatus
Canis lupus,Antilocapra americana
Canis lupus,Aplodontia rufa
Canis lupus,Cynomys ludovicianus
Canis lupus,Dipodomys ordii
Canis lupus,Glaucomys volans
Canis lupus,Microtus oeconomus
Canis lupus,Microtus pennsylvanicus
Canis lupus,Microtus townsendii
Canis lupus,Onychomys leucogaster
Canis lupus,Peromyscus leucopus
Canis lupus,Reithrodontomys megalotis
Canis lupus,Sciurus niger
Canis lupus,Zapus trinotatus
Canis lupus,Cryptotis parva
Canis lupus,Sorex arcticus
Canis lupus,Sorex bendirii
Canis lupus,Sorex cinereus
Canis lupus,Sorex dispar
Canis lupus,Sorex haydeni
Canis lupus,Sorex hoyi
Canis lupus,Sorex merriami
Canis lupus,Sorex palustris
Canis lupus,Sorex trowbridgii
Canis lupus,Sorex tundrensis
Canis lupus,Sorex ugyunak
Canis lupus,Sorex vagrans
Canis lupus,Blarina brevicauda
Canis lupus,Condylura cristata
Canis lupus,Neurotrichus gibbsii
Canis lupus,Parascalops breweri
Canis lupus,Scalopus aquaticus
Canis lupus,Scapanus orarius
Canis lupus,Marmota flaviventris
Canis lupus,Marmota monax
Canis lupus,Tamias amoenus
Canis lupus,Tamias minimus
Canis lupus,Tamias striatus
Canis lupus,Tamias townsendii
Canis lupus,Tamiasciurus douglasii
Canis lupus,Tamiasciurus hudsonicus
Canis lupus,Geomys bursarius
Canis lupus,Thomomys talpoides
Canis lupus,Perognathus fasciatus
Canis lupus,Perognathus parvus
Canis lupus,Napaeozapus insignis
Canis lupus,Zapus hudsonius
Canis lupus,Zapus princeps
Canis lupus,Myodes gapperi
Canis lupus,Dicrostonyx groenlandicus
Canis lupus,Dicrostonyx hudsonius
Canis lupus,Dicrostonyx richardsoni
Canis lupus,Lemmiscus curtatus
Canis lupus,Microtus chrotorrhinus
Canis lupus,Microtus longicaudus
Canis lupus,Microtus miurus
Canis lupus,Microtus ochrogaster
Canis lupus,Microtus oregoni
Canis lupus,Microtus pinetorum
Canis lupus,Microtus richardsoni
Canis lupus,Phenacomys intermedius
Canis lupus,Phenacomys ungava
Canis lupus,Synaptomys cooperi
Canis lupus,Neotoma cinerea
Canis lupus,Peromyscus keeni
Canis lupus,Lemmus trimucronatus
Canis lupus,Sorex preblei
Canis lupus,Marmota caligata
Canis lupus,Bison bison
Canis lupus,Cervus elaphus
Canis lupus,Myodes rutilus
Canis lupus,Sorex monticolus
Enhydra lutris,Mus musculus
Enhydra lutris,Castor canadensis
Enhydra lutris,Erethizon dorsatus
Enhydra lutris,Urocitellus parryii
Enhydra lutris,Urocitellus richardsonii
Enhydra lutris,Ictidomys tridecemlineatus
Enhydra lutris,Poliocitellus franklinii
Enhydra lutris,Urocitellus columbianus
Enhydra lutris,Cynomys ludovicianus
Enhydra lutris,Dipodomys ordii
Enhydra lutris,Zapus trinotatus
Enhydra lutris,Geomys bursarius
Enhydra lutris,Thomomys talpoides
Enhydra lutris,Perognathus fasciatus
Enhydra lutris,Perognathus parvus
Enhydra lutris,Napaeozapus insignis
Enhydra lutris,Zapus hudsonius
Enhydra lutris,Zapus princeps
Enhydra lutris,Myodes gapperi
Enhydra lutris,Lemmiscus curtatus
Gulo gulo,Mustela nivalis
Gulo gulo,Mustela macrodon
Gulo gulo,Mustela frenata
Gulo gulo,Mustela vison
Gulo gulo,Mus musculus
Gulo gulo,Lepus europaeus
Gulo gulo,Odocoileus hemionus
Gulo gulo,Odocoileus virginianus
Gulo gulo,Rangifer tarandus
Gulo gulo,Sorex fumeus
Gulo gulo,Sorex rohweri
Gulo gulo,Dicrostonyx nunatakensis
Gulo gulo,Ondatra zibethicus
Gulo gulo,Microtus montanus
Gulo gulo,Microtus xanthognathus
Gulo gulo,Peromyscus maniculatus
Gulo gulo,Synaptomys borealis
Gulo gulo,Ochotona collaris
Gulo gulo,Ochotona princeps
Gulo gulo,Lepus arcticus
Gulo gulo,Microtus oeconomus
Gulo gulo,Microtus pennsylvanicus
Gulo gulo,Microtus townsendii
Gulo gulo,Onychomys leucogaster
Gulo gulo,Peromyscus leucopus
Gulo gulo,Reithrodontomys megalotis
Gulo gulo,Cryptotis parva
Gulo gulo,Sorex bendirii
Gulo gulo,Sorex cinereus
Gulo gulo,Sorex dispar
Gulo gulo,Sorex haydeni
Gulo gulo,Sorex hoyi
Gulo gulo,Sorex merriami
Gulo gulo,Sorex palustris
Gulo gulo,Sorex trowbridgii
Gulo gulo,Sorex tundrensis
Gulo gulo,Sorex ugyunak
Gulo gulo,Sorex vagrans
Gulo gulo,Blarina brevicauda
Gulo gulo,Myodes gapperi
Gulo gulo,Dicrostonyx groenlandicus
Gulo gulo,Dicrostonyx hudsonius
Gulo gulo,Dicrostonyx richardsoni
Gulo gulo,Microtus chrotorrhinus
Gulo gulo,Microtus longicaudus
Gulo gulo,Microtus miurus
Gulo gulo,Microtus ochrogaster
Gulo gulo,Microtus oregoni
Gulo gulo,Microtus pinetorum
Gulo gulo,Microtus richardsoni
Gulo gulo,Phenacomys intermedius
Gulo gulo,Phenacomys ungava
Gulo gulo,Synaptomys cooperi
Gulo gulo,Neotoma cinerea
Gulo gulo,Peromyscus keeni
Gulo gulo,Lemmus trimucronatus
Gulo gulo,Sorex preblei
Gulo gulo,Myodes rutilus
Gulo gulo,Sorex monticolus
Lontra canadensis,Mus musculus
Lontra canadensis,Castor canadensis
Lontra canadensis,Erethizon dorsatus
Lontra canadensis,Urocitellus parryii
Lontra canadensis,Urocitellus richardsonii
Lontra canadensis,Ictidomys tridecemlineatus
Lontra canadensis,Poliocitellus franklinii
Lontra canadensis,Urocitellus columbianus
Lontra canadensis,Cynomys ludovicianus
Lontra canadensis,Dipodomys ordii
Lontra canadensis,Zapus trinotatus
Lontra canadensis,Geomys bursarius
Lontra canadensis,Thomomys talpoides
Lontra canadensis,Perognathus fasciatus
Lontra canadensis,Perognathus parvus
Lontra canadensis,Napaeozapus insignis
Lontra canadensis,Zapus hudsonius
Lontra canadensis,Zapus princeps
Lontra canadensis,Myodes gapperi
Lontra canadensis,Lemmiscus curtatus
Lynx canadensis,Mustela nivalis
Lynx canadensis,Vulpes vulpes
Lynx canadensis,Lontra canadensis
Lynx canadensis,Enhydra lutris
Lynx canadensis,Mustela nigripes
Lynx canadensis,Mustela macrodon
Lynx canadensis,Mustela frenata
Lynx canadensis,Mustela vison
Lynx canadensis,Urocyon cinereoargenteus
Lynx canadensis,Vulpes velox
Lynx canadensis,Martes americana
Lynx canadensis,Lepus europaeus
Lynx canadensis,Dama dama
Lynx canadensis,Ovis canadensis
Lynx canadensis,Ovis dalli
Lynx canadensis,Oreamnos americanus
Lynx canadensis,Odocoileus hemionus
Lynx canadensis,Odocoileus virginianus
Lynx canadensis,Rangifer tarandus
Lynx canadensis,Sciurus carolinensis
Lynx canadensis,Glaucomys sabrinus
Lynx canadensis,Marmota broweri
Lynx canadensis,Marmota vancouverensis
Lynx canadensis,Callospermophilus saturatus
Lynx canadensis,Callospermophilus lateralis
Lynx canadensis,Sorex maritimensis
Lynx canadensis,Sorex fumeus
Lynx canadensis,Sorex rohweri
Lynx canadensis,Dicrostonyx nunatakensis
Lynx canadensis,Ondatra zibethicus
Lynx canadensis,Microtus montanus
Lynx canadensis,Microtus xanthognathus
Lynx canadensis,Peromyscus maniculatus
Lynx canadensis,Synaptomys borealis
Lynx canadensis,Lepus arcticus
Lynx canadensis,Ovibos moschatus
Lynx canadensis,Glaucomys volans
Lynx canadensis,Microtus oeconomus
Lynx canadensis,Microtus pennsylvanicus
Lynx canadensis,Microtus townsendii
Lynx canadensis,Onychomys leucogaster
Lynx canadensis,Peromyscus leucopus
Lynx canadensis,Reithrodontomys megalotis
Lynx canadensis,Sciurus niger
Lynx canadensis,Cryptotis parva
Lynx canadensis,Sorex arcticus
Lynx canadensis,Sorex bendirii
Lynx canadensis,Sorex cinereus
Lynx canadensis,Sorex dispar
Lynx canadensis,Sorex haydeni
Lynx canadensis,Sorex hoyi
Lynx canadensis,Sorex merriami
Lynx canadensis,Sorex palustris
Lynx canadensis,Sorex trowbridgii
Lynx canadensis,Sorex tundrensis
Lynx canadensis,Sorex ugyunak
Lynx canadensis,Sorex vagrans
Lynx canadensis,Blarina brevicauda
Lynx canadensis,Marmota flaviventris
Lynx canadensis,Marmota monax
Lynx canadensis,Tamiasciurus douglasii
Lynx canadensis,Tamiasciurus hudsonicus
Lynx canadensis,Myodes gapperi
Lynx canadensis,Dicrostonyx groenlandicus
Lynx canadensis,Dicrostonyx hudsonius
Lynx canadensis,Dicrostonyx richardsoni
Lynx canadensis,Lemmiscus curtatus
Lynx canadensis,Microtus chrotorrhinus
Lynx canadensis,Microtus longicaudus
Lynx canadensis,Microtus miurus
Lynx canadensis,Microtus ochrogaster
Lynx canadensis,Microtus oregoni
Lynx canadensis,Microtus pinetorum
Lynx canadensis,Microtus richardsoni
Lynx canadensis,Phenacomys intermedius
Lynx canadensis,Phenacomys ungava
Lynx canadensis,Synaptomys cooperi
Lynx canadensis,Neotoma cinerea
Lynx canadensis,Peromyscus keeni
Lynx canadensis,Lemmus trimucronatus
Lynx canadensis,Sorex preblei
Lynx canadensis,Marmota caligata
Lynx canadensis,Myodes rutilus
Lynx canadensis,Sorex monticolus
Lynx rufus,Mustela nivalis
Lynx rufus,Vulpes vulpes
Lynx rufus,Lontra canadensis
Lynx rufus,Enhydra lutris
Lynx rufus,Mustela nigripes
Lynx rufus,Mustela macrodon
Lynx rufus,Mustela frenata
Lynx rufus,Mustela vison
Lynx rufus,Urocyon cinereoargenteus
Lynx rufus,Vulpes velox
Lynx rufus,Martes americana
Lynx rufus,Lepus europaeus
Lynx rufus,Dama dama
Lynx rufus,Ovis canadensis
Lynx rufus,Ovis dalli
Lynx rufus,Oreamnos americanus
Lynx rufus,Odocoileus hemionus
Lynx rufus,Odocoileus virginianus
Lynx rufus,Rangifer tarandus
Lynx rufus,Sciurus carolinensis
Lynx rufus,Glaucomys sabrinus
Lynx rufus,Marmota broweri
Lynx rufus,Marmota vancouverensis
Lynx rufus,Callospermophilus saturatus
Lynx rufus,Callospermophilus lateralis
Lynx rufus,Sorex maritimensis
Lynx rufus,Sorex fumeus
Lynx rufus,Sorex rohweri
Lynx rufus,Dicrostonyx nunatakensis
Lynx rufus,Ondatra zibethicus
Lynx rufus,Microtus montanus
Lynx rufus,Microtus xanthognathus
Lynx rufus,Peromyscus maniculatus
Lynx rufus,Synaptomys borealis
Lynx rufus,Lepus arcticus
Lynx rufus,Ovibos moschatus
Lynx rufus,Glaucomys volans
Lynx rufus,Microtus oeconomus
Lynx rufus,Microtus pennsylvanicus
Lynx rufus,Microtus townsendii
Lynx rufus,Onychomys leucogaster
Lynx rufus,Peromyscus leucopus
Lynx rufus,Reithrodontomys megalotis
Lynx rufus,Sciurus niger
Lynx rufus,Cryptotis parva
Lynx rufus,Sorex arcticus
Lynx rufus,Sorex bendirii
Lynx rufus,Sorex cinereus
Lynx rufus,Sorex dispar
Lynx rufus,Sorex haydeni
Lynx rufus,Sorex hoyi
Lynx rufus,Sorex merriami
Lynx rufus,Sorex palustris
Lynx rufus,Sorex trowbridgii
Lynx rufus,Sorex tundrensis
Lynx rufus,Sorex ugyunak
Lynx rufus,Sorex vagrans
Lynx rufus,Blarina brevicauda
Lynx rufus,Marmota flaviventris
Lynx rufus,Marmota monax
Lynx rufus,Tamiasciurus douglasii
Lynx rufus,Tamiasciurus hudsonicus
Lynx rufus,Myodes gapperi
Lynx rufus,Dicrostonyx groenlandicus
Lynx rufus,Dicrostonyx hudsonius
Lynx rufus,Dicrostonyx richardsoni
Lynx rufus,Lemmiscus curtatus
Lynx rufus,Microtus chrotorrhinus
Lynx rufus,Microtus longicaudus
Lynx rufus,Microtus miurus
Lynx rufus,Microtus ochrogaster
Lynx rufus,Microtus oregoni
Lynx rufus,Microtus pinetorum
Lynx rufus,Microtus richardsoni
Lynx rufus,Phenacomys intermedius
Lynx rufus,Phenacomys ungava
Lynx rufus,Synaptomys cooperi
Lynx rufus,Neotoma cinerea
Lynx rufus,Peromyscus keeni
Lynx rufus,Lemmus trimucronatus
Lynx rufus,Sorex preblei
Lynx rufus,Marmota caligata
Lynx rufus,Myodes rutilus
Lynx rufus,Sorex monticolus
Martes americana,Mustela nivalis
Martes americana,Mustela macrodon
Martes americana,Mustela frenata
Martes americana,Mustela vison
Martes americana,Sciurus carolinensis
Martes americana,Glaucomys sabrinus
Martes americana,Sorex maritimensis
Martes americana,Sorex fumeus
Martes americana,Sorex rohweri
Martes americana,Scapanus townsendii
Martes americana,Ondatra zibethicus
Martes americana,Microtus montanus
Martes americana,Microtus xanthognathus
Martes americana,Peromyscus maniculatus
Martes americana,Glaucomys volans
Martes americana,Microtus oeconomus
Martes americana,Microtus pennsylvanicus
Martes americana,Microtus townsendii
Martes americana,Onychomys leucogaster
Martes americana,Peromyscus leucopus
Martes americana,Reithrodontomys megalotis
Martes americana,Sciurus niger
Martes americana,Cryptotis parva
Martes americana,Sorex arcticus
Martes americana,Sorex bendirii
Martes americana,Sorex cinereus
Martes americana,Sorex dispar
Martes americana,Sorex haydeni
Martes americana,Sorex hoyi
Martes americana,Sorex merriami
Martes americana,Sorex palustris
Martes americana,Sorex trowbridgii
Martes americana,Sorex tundrensis
Martes americana,Sorex ugyunak
Martes americana,Sorex vagrans
Martes americana,Blarina brevicauda
Martes americana,Condylura cristata
Martes americana,Neurotrichus gibbsii
Martes americana,Parascalops breweri
Martes americana,Scalopus aquaticus
Martes americana,Scapanus orarius
Martes americana,Tamiasciurus douglasii
Martes americana,Tamiasciurus hudsonicus
Martes americana,Myodes gapperi
Martes americana,Microtus chrotorrhinus
Martes americana,Microtus longicaudus
Martes americana,Microtus miurus
Martes americana,Microtus ochrogaster
Martes americana,Microtus oregoni
Martes americana,Microtus pinetorum
Martes americana,Microtus richardsoni
Martes americana,Neotoma cinerea
Martes americana,Peromyscus keeni
Martes americana,Sorex preblei
Martes americana,Myodes rutilus
Martes americana,Sorex monticolus
Mephitis mephitis,Mustela nivalis
Mephitis mephitis,Mustela macrodon
Mephitis mephitis,Mustela frenata
Mephitis mephitis,Mustela vison
Mephitis mephitis,Mus musculus
Mephitis mephitis,Lepus europaeus
Mephitis mephitis,Sciurus carolinensis
Mephitis mephitis,Glaucomys sabrinus
Mephitis mephitis,Sorex maritimensis
Mephitis mephitis,Sorex fumeus
Mephitis mephitis,Sorex rohweri
Mephitis mephitis,Scapanus townsendii
Mephitis mephitis,Dicrostonyx nunatakensis
Mephitis mephitis,Ondatra zibethicus
Mephitis mephitis,Microtus montanus
Mephitis mephitis,Microtus xanthognathus
Mephitis mephitis,Peromyscus maniculatus
Mephitis mephitis,Synaptomys borealis
Mephitis mephitis,Lepus arcticus
Mephitis mephitis,Glaucomys volans
Mephitis mephitis,Microtus oeconomus
Mephitis mephitis,Microtus pennsylvanicus
Mephitis mephitis,Microtus townsendii
Mephitis mephitis,Onychomys leucogaster
Mephitis mephitis,Peromyscus leucopus
Mephitis mephitis,Reithrodontomys megalotis
Mephitis mephitis,Sciurus niger
Mephitis mephitis,Cryptotis parva
Mephitis mephitis,Sorex arcticus
Mephitis mephitis,Sorex bendirii
Mephitis mephitis,Sorex cinereus
Mephitis mephitis,Sorex dispar
Mephitis mephitis,Sorex haydeni
Mephitis mephitis,Sorex hoyi
Mephitis mephitis,Sorex merriami
Mephitis mephitis,Sorex palustris
Mephitis mephitis,Sorex trowbridgii
Mephitis mephitis,Sorex tundrensis
Mephitis mephitis,Sorex ugyunak
Mephitis mephitis,Sorex vagrans
Mephitis mephitis,Blarina brevicauda
Mephitis mephitis,Condylura cristata
Mephitis mephitis,Neurotrichus gibbsii
Mephitis mephitis,Parascalops breweri
Mephitis mephitis,Scalopus aquaticus
Mephitis mephitis,Scapanus orarius
Mephitis mephitis,Tamiasciurus douglasii
Mephitis mephitis,Tamiasciurus hudsonicus
Mephitis mephitis,Myodes gapperi
Mephitis mephitis,Dicrostonyx groenlandicus
Mephitis mephitis,Dicrostonyx hudsonius
Mephitis mephitis,Dicrostonyx richardsoni
Mephitis mephitis,Lemmiscus curtatus
Mephitis mephitis,Microtus chrotorrhinus
Mephitis mephitis,Microtus longicaudus
Mephitis mephitis,Microtus miurus
Mephitis mephitis,Microtus ochrogaster
Mephitis mephitis,Microtus oregoni
Mephitis mephitis,Microtus pinetorum
Mephitis mephitis,Microtus richardsoni
Mephitis mephitis,Phenacomys intermedius
Mephitis mephitis,Phenacomys ungava
Mephitis mephitis,Synaptomys cooperi
Mephitis mephitis,Neotoma cinerea
Mephitis mephitis,Peromyscus keeni
Mephitis mephitis,Lemmus trimucronatus
Mephitis mephitis,Sorex preblei
Mephitis mephitis,Myodes rutilus
Mephitis mephitis,Sorex monticolus
Mustela erminea,Mustela nivalis
Mustela erminea,Mustela macrodon
Mustela erminea,Mustela frenata
Mustela erminea,Mustela vison
Mustela erminea,Mus musculus
Mustela erminea,Lepus europaeus
Mustela erminea,Rangifer tarandus
Mustela erminea,Sorex maritimensis
Mustela erminea,Sorex fumeus
Mustela erminea,Sorex rohweri
Mustela erminea,Dicrostonyx nunatakensis
Mustela erminea,Ondatra zibethicus
Mustela erminea,Microtus montanus
Mustela erminea,Microtus xanthognathus
Mustela erminea,Peromyscus maniculatus
Mustela erminea,Synaptomys borealis
Mustela erminea,Sylvilagus transitionalis
Mustela erminea,Ochotona collaris
Mustela erminea,Ochotona princeps
Mustela erminea,Lepus americanus
Mustela erminea,Lepus arcticus
Mustela erminea,Lepus townsendii
Mustela erminea,Sylvilagus floridanus
Mustela erminea,Sylvilagus nuttallii
Mustela erminea,Microtus oeconomus
Mustela erminea,Microtus pennsylvanicus
Mustela erminea,Microtus townsendii
Mustela erminea,Onychomys leucogaster
Mustela erminea,Peromyscus leucopus
Mustela erminea,Reithrodontomys megalotis
Mustela erminea,Cryptotis parva
Mustela erminea,Sorex arcticus
Mustela erminea,Sorex bendirii
Mustela erminea,Sorex cinereus
Mustela erminea,Sorex dispar
Mustela erminea,Sorex haydeni
Mustela erminea,Sorex hoyi
Mustela erminea,Sorex merriami
Mustela erminea,Sorex palustris
Mustela erminea,Sorex trowbridgii
Mustela erminea,Sorex tundrensis
Mustela erminea,Sorex ugyunak
Mustela erminea,Sorex vagrans
Mustela erminea,Blarina brevicauda
Mustela erminea,Myodes gapperi
Mustela erminea,Dicrostonyx groenlandicus
Mustela erminea,Dicrostonyx hudsonius
Mustela erminea,Dicrostonyx richardsoni
Mustela erminea,Lemmiscus curtatus
Mustela erminea,Microtus chrotorrhinus
Mustela erminea,Microtus longicaudus
Mustela erminea,Microtus miurus
Mustela erminea,Microtus ochrogaster
Mustela erminea,Microtus oregoni
Mustela erminea,Microtus pinetorum
Mustela erminea,Microtus richardsoni
Mustela erminea,Phenacomys intermedius
Mustela erminea,Phenacomys ungava
Mustela erminea,Synaptomys cooperi
Mustela erminea,Neotoma cinerea
Mustela erminea,Peromyscus keeni
Mustela erminea,Lemmus trimucronatus
Mustela erminea,Sorex preblei
Mustela erminea,Myodes rutilus
Mustela erminea,Sorex monticolus
Mustela frenata,Mustela nivalis
Mustela frenata,Mus musculus
Mustela frenata,Castor canadensis
Mustela frenata,Urocitellus parryii
Mustela frenata,Urocitellus richardsonii
Mustela frenata,Ictidomys tridecemlineatus
Mustela frenata,Poliocitellus franklinii
Mustela frenata,Urocitellus columbianus
Mustela frenata,Sorex maritimensis
Mustela frenata,Sorex fumeus
Mustela frenata,Sorex rohweri
Mustela frenata,Scapanus townsendii
Mustela frenata,Dicrostonyx nunatakensis
Mustela frenata,Ondatra zibethicus
Mustela frenata,Microtus montanus
Mustela frenata,Microtus xanthognathus
Mustela frenata,Peromyscus maniculatus
Mustela frenata,Synaptomys borealis
Mustela frenata,Sylvilagus transitionalis
Mustela frenata,Ochotona collaris
Mustela frenata,Ochotona princeps
Mustela frenata,Lepus americanus
Mustela frenata,Lepus arcticus
Mustela frenata,Lepus townsendii
Mustela frenata,Sylvilagus floridanus
Mustela frenata,Sylvilagus nuttallii
Mustela frenata,Cynomys ludovicianus
Mustela frenata,Dipodomys ordii
Mustela frenata,Microtus oeconomus
Mustela frenata,Microtus pennsylvanicus
Mustela frenata,Microtus townsendii
Mustela frenata,Onychomys leucogaster
Mustela frenata,Peromyscus leucopus
Mustela frenata,Reithrodontomys megalotis
Mustela frenata,Zapus trinotatus
Mustela frenata,Cryptotis parva
Mustela frenata,Sorex arcticus
Mustela frenata,Sorex bendirii
Mustela frenata,Sorex cinereus
Mustela frenata,Sorex dispar
Mustela frenata,Sorex haydeni
Mustela frenata,Sorex hoyi
Mustela frenata,Sorex merriami
Mustela frenata,Sorex palustris
Mustela frenata,Sorex trowbridgii
Mustela frenata,Sorex tundrensis
Mustela frenata,Sorex ugyunak
Mustela frenata,Sorex vagrans
Mustela frenata,Blarina brevicauda
Mustela frenata,Condylura cristata
Mustela frenata,Parascalops breweri
Mustela frenata,Scalopus aquaticus
Mustela frenata,Scapanus orarius
Mustela frenata,Geomys bursarius
Mustela frenata,Thomomys talpoides
Mustela frenata,Perognathus fasciatus
Mustela frenata,Perognathus parvus
Mustela frenata,Napaeozapus insignis
Mustela frenata,Zapus hudsonius
Mustela frenata,Zapus princeps
Mustela frenata,Myodes gapperi
Mustela frenata,Dicrostonyx groenlandicus
Mustela frenata,Dicrostonyx hudsonius
Mustela frenata,Dicrostonyx richardsoni
Mustela frenata,Lemmiscus curtatus
Mustela frenata,Microtus chrotorrhinus
Mustela frenata,Microtus longicaudus
Mustela frenata,Microtus miurus
Mustela frenata,Microtus ochrogaster
Mustela frenata,Microtus oregoni
Mustela frenata,Microtus pinetorum
Mustela frenata,Microtus richardsoni
Mustela frenata,Phenacomys intermedius
Mustela frenata,Phenacomys ungava
Mustela frenata,Synaptomys cooperi
Mustela frenata,Neotoma cinerea
Mustela frenata,Peromyscus keeni
Mustela frenata,Lemmus trimucronatus
Mustela frenata,Sorex preblei
Mustela frenata,Myodes rutilus
Mustela frenata,Sorex monticolus
Mustela macrodon,Mustela nivalis
Mustela macrodon,Mus musculus
Mustela macrodon,Castor canadensis
Mustela macrodon,Urocitellus parryii
Mustela macrodon,Urocitellus richardsonii
Mustela macrodon,Ictidomys tridecemlineatus
Mustela macrodon,Poliocitellus franklinii
Mustela macrodon,Urocitellus columbianus
Mustela macrodon,Sorex maritimensis
Mustela macrodon,Sorex fumeus
Mustela macrodon,Sorex rohweri
Mustela macrodon,Scapanus townsendii
Mustela macrodon,Dicrostonyx nunatakensis
Mustela macrodon,Ondatra zibethicus
Mustela macrodon,Microtus montanus
Mustela macrodon,Microtus xanthognathus
Mustela macrodon,Peromyscus maniculatus
Mustela macrodon,Synaptomys borealis
Mustela macrodon,Sylvilagus transitionalis
Mustela macrodon,Ochotona collaris
Mustela macrodon,Ochotona princeps
Mustela macrodon,Lepus americanus
Mustela macrodon,Lepus arcticus
Mustela macrodon,Lepus townsendii
Mustela macrodon,Sylvilagus floridanus
Mustela macrodon,Sylvilagus nuttallii
Mustela macrodon,Cynomys ludovicianus
Mustela macrodon,Dipodomys ordii
Mustela macrodon,Microtus oeconomus
Mustela macrodon,Microtus pennsylvanicus
Mustela macrodon,Microtus townsendii
Mustela macrodon,Onychomys leucogaster
Mustela macrodon,Peromyscus leucopus
Mustela macrodon,Reithrodontomys megalotis
Mustela macrodon,Zapus trinotatus
Mustela macrodon,Cryptotis parva
Mustela macrodon,Sorex arcticus
Mustela macrodon,Sorex bendirii
Mustela macrodon,Sorex cinereus
Mustela macrodon,Sorex dispar
Mustela macrodon,Sorex haydeni
Mustela macrodon,Sorex hoyi
Mustela macrodon,Sorex merriami
Mustela macrodon,Sorex palustris
Mustela macrodon,Sorex trowbridgii
Mustela macrodon,Sorex tundrensis
Mustela macrodon,Sorex ugyunak
Mustela macrodon,Sorex vagrans
Mustela macrodon,Blarina brevicauda
Mustela macrodon,Condylura cristata
Mustela macrodon,Parascalops breweri
Mustela macrodon,Scalopus aquaticus
Mustela macrodon,Scapanus orarius
Mustela macrodon,Geomys bursarius
Mustela macrodon,Thomomys talpoides
Mustela macrodon,Perognathus fasciatus
Mustela macrodon,Perognathus parvus
Mustela macrodon,Napaeozapus insignis
Mustela macrodon,Zapus hudsonius
Mustela macrodon,Zapus princeps
Mustela macrodon,Myodes gapperi
Mustela macrodon,Dicrostonyx groenlandicus
Mustela macrodon,Dicrostonyx hudsonius
Mustela macrodon,Dicrostonyx richardsoni
Mustela macrodon,Lemmiscus curtatus
Mustela macrodon,Microtus chrotorrhinus
Mustela macrodon,Microtus longicaudus
Mustela macrodon,Microtus miurus
Mustela macrodon,Microtus ochrogaster
Mustela macrodon,Microtus oregoni
Mustela macrodon,Microtus pinetorum
Mustela macrodon,Microtus richardsoni
Mustela macrodon,Phenacomys intermedius
Mustela macrodon,Phenacomys ungava
Mustela macrodon,Synaptomys cooperi
Mustela macrodon,Neotoma cinerea
Mustela macrodon,Peromyscus keeni
Mustela macrodon,Lemmus trimucronatus
Mustela macrodon,Sorex preblei
Mustela macrodon,Myodes rutilus
Mustela macrodon,Sorex monticolus
Mustela nigripes,Mustela nivalis
Mustela nigripes,Mustela macrodon
Mustela nigripes,Mustela frenata
Mustela nigripes,Mustela vison
Mustela nigripes,Mus musculus
Mustela nigripes,Lepus europaeus
Mustela nigripes,Urocitellus parryii
Mustela nigripes,Urocitellus richardsonii
Mustela nigripes,Callospermophilus saturatus
Mustela nigripes,Ictidomys tridecemlineatus
Mustela nigripes,Poliocitellus franklinii
Mustela nigripes,Callospermophilus lateralis
Mustela nigripes,Urocitellus columbianus
Mustela nigripes,Sorex maritimensis
Mustela nigripes,Sorex fumeus
Mustela nigripes,Sorex rohweri
Mustela nigripes,Ondatra zibethicus
Mustela nigripes,Microtus montanus
Mustela nigripes,Microtus xanthognathus
Mustela nigripes,Peromyscus maniculatus
Mustela nigripes,Ochotona collaris
Mustela nigripes,Ochotona princeps
Mustela nigripes,Cynomys ludovicianus
Mustela nigripes,Microtus oeconomus
Mustela nigripes,Microtus pennsylvanicus
Mustela nigripes,Microtus townsendii
Mustela nigripes,Onychomys leucogaster
Mustela nigripes,Peromyscus leucopus
Mustela nigripes,Reithrodontomys megalotis
Mustela nigripes,Cryptotis parva
Mustela nigripes,Sorex arcticus
Mustela nigripes,Sorex bendirii
Mustela nigripes,Sorex cinereus
Mustela nigripes,Sorex dispar
Mustela nigripes,Sorex haydeni
Mustela nigripes,Sorex hoyi
Mustela nigripes,Sorex merriami
Mustela nigripes,Sorex palustris
Mustela nigripes,Sorex trowbridgii
Mustela nigripes,Sorex tundrensis
Mustela nigripes,Sorex ugyunak
Mustela nigripes,Sorex vagrans
Mustela nigripes,Blarina brevicauda
Mustela nigripes,Neurotrichus gibbsii
Mustela nigripes,Marmota monax
Mustela nigripes,Myodes gapperi
Mustela nigripes,Lemmiscus curtatus
Mustela nigripes,Microtus chrotorrhinus
Mustela nigripes,Microtus longicaudus
Mustela nigripes,Microtus miurus
Mustela nigripes,Microtus ochrogaster
Mustela nigripes,Microtus oregoni
Mustela nigripes,Microtus pinetorum
Mustela nigripes,Microtus richardsoni
Mustela nigripes,Neotoma cinerea
Mustela nigripes,Peromyscus keeni
Mustela nigripes,Sorex preblei
Mustela nigripes,Myodes rutilus
Mustela nigripes,Sorex monticolus
Mustela nivalis,Mustela nivalis
Mustela nivalis,Mustela erminea
Mustela nivalis,Mustela nigripes
Mustela nivalis,Mustela macrodon
Mustela nivalis,Mustela frenata
Mustela nivalis,Mustela vison
Mustela nivalis,Mus musculus
Mustela nivalis,Lepus europaeus
Mustela nivalis,Castor canadensis
Mustela nivalis,Sciurus carolinensis
Mustela nivalis,Glaucomys sabrinus
Mustela nivalis,Urocitellus parryii
Mustela nivalis,Urocitellus richardsonii
Mustela nivalis,Callospermophilus saturatus
Mustela nivalis,Ictidomys tridecemlineatus
Mustela nivalis,Poliocitellus franklinii
Mustela nivalis,Callospermophilus lateralis
Mustela nivalis,Urocitellus columbianus
Mustela nivalis,Sorex maritimensis
Mustela nivalis,Sorex fumeus
Mustela nivalis,Sorex rohweri
Mustela nivalis,Scapanus townsendii
Mustela nivalis,Dicrostonyx nunatakensis
Mustela nivalis,Ondatra zibethicus
Mustela nivalis,Microtus montanus
Mustela nivalis,Microtus xanthognathus
Mustela nivalis,Peromyscus maniculatus
Mustela nivalis,Synaptomys borealis
Mustela nivalis,Sylvilagus transitionalis
Mustela nivalis,Ochotona collaris
Mustela nivalis,Ochotona princeps
Mustela nivalis,Lepus americanus
Mustela nivalis,Lepus arcticus
Mustela nivalis,Lepus townsendii
Mustela nivalis,Sylvilagus floridanus
Mustela nivalis,Sylvilagus nuttallii
Mustela nivalis,Cynomys ludovicianus
Mustela nivalis,Dipodomys ordii
Mustela nivalis,Glaucomys volans
Mustela nivalis,Microtus oeconomus
Mustela nivalis,Microtus pennsylvanicus
Mustela nivalis,Microtus townsendii
Mustela nivalis,Onychomys leucogaster
Mustela nivalis,Peromyscus leucopus
Mustela nivalis,Reithrodontomys megalotis
Mustela nivalis,Sciurus niger
Mustela nivalis,Zapus trinotatus
Mustela nivalis,Cryptotis parva
Mustela nivalis,Sorex arcticus
Mustela nivalis,Sorex bendirii
Mustela nivalis,Sorex cinereus
Mustela nivalis,Sorex dispar
Mustela nivalis,Sorex haydeni
Mustela nivalis,Sorex hoyi
Mustela nivalis,Sorex merriami
Mustela nivalis,Sorex palustris
Mustela nivalis,Sorex trowbridgii
Mustela nivalis,Sorex tundrensis
Mustela nivalis,Sorex ugyunak
Mustela nivalis,Sorex vagrans
Mustela nivalis,Blarina brevicauda
Mustela nivalis,Condylura cristata
Mustela nivalis,Neurotrichus gibbsii
Mustela nivalis,Parascalops breweri
Mustela nivalis,Scalopus aquaticus
Mustela nivalis,Scapanus orarius
Mustela nivalis,Marmota monax
Mustela nivalis,Tamiasciurus douglasii
Mustela nivalis,Tamiasciurus hudsonicus
Mustela nivalis,Geomys bursarius
Mustela nivalis,Thomomys talpoides
Mustela nivalis,Perognathus fasciatus
Mustela nivalis,Perognathus parvus
Mustela nivalis,Napaeozapus insignis
Mustela nivalis,Zapus hudsonius
Mustela nivalis,Zapus princeps
Mustela nivalis,Myodes gapperi
Mustela nivalis,Dicrostonyx groenlandicus
Mustela nivalis,Dicrostonyx hudsonius
Mustela nivalis,Dicrostonyx richardsoni
Mustela nivalis,Lemmiscus curtatus
Mustela nivalis,Microtus chrotorrhinus
Mustela nivalis,Microtus longicaudus
Mustela nivalis,Microtus miurus
Mustela nivalis,Microtus ochrogaster
Mustela nivalis,Microtus oregoni
Mustela nivalis,Microtus pinetorum
Mustela nivalis,Microtus richardsoni
Mustela nivalis,Phenacomys intermedius
Mustela nivalis,Phenacomys ungava
Mustela nivalis,Synaptomys cooperi
Mustela nivalis,Neotoma cinerea
Mustela nivalis,Peromyscus keeni
Mustela nivalis,Lemmus trimucronatus
Mustela nivalis,Sorex preblei
Mustela nivalis,Myodes rutilus
Mustela nivalis,Sorex monticolus
Mustela vison,Mustela nivalis
Mustela vison,Mus musculus
Mustela vison,Castor canadensis
Mustela vison,Urocitellus parryii
Mustela vison,Urocitellus richardsonii
Mustela vison,Ictidomys tridecemlineatus
Mustela vison,Poliocitellus franklinii
Mustela vison,Urocitellus columbianus
Mustela vison,Sorex maritimensis
Mustela vison,Sorex fumeus
Mustela vison,Sorex rohweri
Mustela vison,Scapanus townsendii
Mustela vison,Dicrostonyx nunatakensis
Mustela vison,Ondatra zibethicus
Mustela vison,Microtus montanus
Mustela vison,Microtus xanthognathus
Mustela vison,Peromyscus maniculatus
Mustela vison,Synaptomys borealis
Mustela vison,Sylvilagus transitionalis
Mustela vison,Ochotona collaris
Mustela vison,Ochotona princeps
Mustela vison,Lepus americanus
Mustela vison,Lepus arcticus
Mustela vison,Lepus townsendii
Mustela vison,Sylvilagus floridanus
Mustela vison,Sylvilagus nuttallii
Mustela vison,Cynomys ludovicianus
Mustela vison,Dipodomys ordii
Mustela vison,Microtus oeconomus
Mustela vison,Microtus pennsylvanicus
Mustela vison,Microtus townsendii
Mustela vison,Onychomys leucogaster
Mustela vison,Peromyscus leucopus
Mustela vison,Reithrodontomys megalotis
Mustela vison,Zapus trinotatus
Mustela vison,Cryptotis parva
Mustela vison,Sorex arcticus
Mustela vison,Sorex bendirii
Mustela vison,Sorex cinereus
Mustela vison,Sorex dispar
Mustela vison,Sorex haydeni
Mustela vison,Sorex hoyi
Mustela vison,Sorex merriami
Mustela vison,Sorex palustris
Mustela vison,Sorex trowbridgii
Mustela vison,Sorex tundrensis
Mustela vison,Sorex ugyunak
Mustela vison,Sorex vagrans
Mustela vison,Blarina brevicauda
Mustela vison,Condylura cristata
Mustela vison,Parascalops breweri
Mustela vison,Scalopus aquaticus
Mustela vison,Scapanus orarius
Mustela vison,Geomys bursarius
Mustela vison,Thomomys talpoides
Mustela vison,Perognathus fasciatus
Mustela vison,Perognathus parvus
Mustela vison,Napaeozapus insignis
Mustela vison,Zapus hudsonius
Mustela vison,Zapus princeps
Mustela vison,Myodes gapperi
Mustela vison,Dicrostonyx groenlandicus
Mustela vison,Dicrostonyx hudsonius
Mustela vison,Dicrostonyx richardsoni
Mustela vison,Lemmiscus curtatus
Mustela vison,Microtus chrotorrhinus
Mustela vison,Microtus longicaudus
Mustela vison,Microtus miurus
Mustela vison,Microtus ochrogaster
Mustela vison,Microtus oregoni
Mustela vison,Microtus pinetorum
Mustela vison,Microtus richardsoni
Mustela vison,Phenacomys intermedius
Mustela vison,Phenacomys ungava
Mustela vison,Synaptomys cooperi
Mustela vison,Neotoma cinerea
Mustela vison,Peromyscus keeni
Mustela vison,Lemmus trimucronatus
Mustela vison,Sorex preblei
Mustela vison,Myodes rutilus
Mustela vison,Sorex monticolus
Pekania pennanti,Mustela nivalis
Pekania pennanti,Mustela macrodon
Pekania pennanti,Mustela frenata
Pekania pennanti,Mustela vison
Pekania pennanti,Mus musculus
Pekania pennanti,Lepus europaeus
Pekania pennanti,Sciurus carolinensis
Pekania pennanti,Glaucomys sabrinus
Pekania pennanti,Sorex maritimensis
Pekania pennanti,Sorex fumeus
Pekania pennanti,Sorex rohweri
Pekania pennanti,Scapanus townsendii
Pekania pennanti,Dicrostonyx nunatakensis
Pekania pennanti,Ondatra zibethicus
Pekania pennanti,Microtus montanus
Pekania pennanti,Microtus xanthognathus
Pekania pennanti,Peromyscus maniculatus
Pekania pennanti,Synaptomys borealis
Pekania pennanti,Lepus arcticus
Pekania pennanti,Glaucomys volans
Pekania pennanti,Microtus oeconomus
Pekania pennanti,Microtus pennsylvanicus
Pekania pennanti,Microtus townsendii
Pekania pennanti,Onychomys leucogaster
Pekania pennanti,Peromyscus leucopus
Pekania pennanti,Reithrodontomys megalotis
Pekania pennanti,Sciurus niger
Pekania pennanti,Cryptotis parva
Pekania pennanti,Sorex arcticus
Pekania pennanti,Sorex bendirii
Pekania pennanti,Sorex cinereus
Pekania pennanti,Sorex dispar
Pekania pennanti,Sorex haydeni
Pekania pennanti,Sorex hoyi
Pekania pennanti,Sorex merriami
Pekania pennanti,Sorex palustris
Pekania pennanti,Sorex trowbridgii
Pekania pennanti,Sorex tundrensis
Pekania pennanti,Sorex ugyunak
Pekania pennanti,Sorex vagrans
Pekania pennanti,Blarina brevicauda
Pekania pennanti,Condylura cristata
Pekania pennanti,Neurotrichus gibbsii
Pekania pennanti,Parascalops breweri
Pekania pennanti,Scalopus aquaticus
Pekania pennanti,Scapanus orarius
Pekania pennanti,Tamiasciurus douglasii
Pekania pennanti,Tamiasciurus hudsonicus
Pekania pennanti,Myodes gapperi
Pekania pennanti,Dicrostonyx groenlandicus
Pekania pennanti,Dicrostonyx hudsonius
Pekania pennanti,Dicrostonyx richardsoni
Pekania pennanti,Lemmiscus curtatus
Pekania pennanti,Microtus chrotorrhinus
Pekania pennanti,Microtus longicaudus
Pekania pennanti,Microtus miurus
Pekania pennanti,Microtus ochrogaster
Pekania pennanti,Microtus oregoni
Pekania pennanti,Microtus pinetorum
Pekania pennanti,Microtus richardsoni
Pekania pennanti,Phenacomys intermedius
Pekania pennanti,Phenacomys ungava
Pekania pennanti,Synaptomys cooperi
Pekania pennanti,Neotoma cinerea
Pekania pennanti,Peromyscus keeni
Pekania pennanti,Lemmus trimucronatus
Pekania pennanti,Sorex preblei
Pekania pennanti,Myodes rutilus
Pekania pennanti,Sorex monticolus
Procyon lotor,Mustela nivalis
Procyon lotor,Mustela macrodon
Procyon lotor,Mustela frenata
Procyon lotor,Mustela vison
Procyon lotor,Mus musculus
Procyon lotor,Lepus europaeus
Procyon lotor,Sciurus carolinensis
Procyon lotor,Glaucomys sabrinus
Procyon lotor,Sorex maritimensis
Procyon lotor,Sorex fumeus
Procyon lotor,Sorex rohweri
Procyon lotor,Scapanus townsendii
Procyon lotor,Dicrostonyx nunatakensis
Procyon lotor,Ondatra zibethicus
Procyon lotor,Microtus montanus
Procyon lotor,Microtus xanthognathus
Procyon lotor,Peromyscus maniculatus
Procyon lotor,Synaptomys borealis
Procyon lotor,Lepus arcticus
Procyon lotor,Glaucomys volans
Procyon lotor,Microtus oeconomus
Procyon lotor,Microtus pennsylvanicus
Procyon lotor,Microtus townsendii
Procyon lotor,Onychomys leucogaster
Procyon lotor,Peromyscus leucopus
Procyon lotor,Reithrodontomys megalotis
Procyon lotor,Sciurus niger
Procyon lotor,Cryptotis parva
Procyon lotor,Sorex arcticus
Procyon lotor,Sorex bendirii
Procyon lotor,Sorex cinereus
Procyon lotor,Sorex dispar
Procyon lotor,Sorex haydeni
Procyon lotor,Sorex hoyi
Procyon lotor,Sorex merriami
Procyon lotor,Sorex palustris
Procyon lotor,Sorex trowbridgii
Procyon lotor,Sorex tundrensis
Procyon lotor,Sorex ugyunak
Procyon lotor,Sorex vagrans
Procyon lotor,Blarina brevicauda
Procyon lotor,Condylura cristata
Procyon lotor,Neurotrichus gibbsii
Procyon lotor,Parascalops breweri
Procyon lotor,Scalopus aquaticus
Procyon lotor,Scapanus orarius
Procyon lotor,Tamiasciurus douglasii
Procyon lotor,Tamiasciurus hudsonicus
Procyon lotor,Myodes gapperi
Procyon lotor,Dicrostonyx groenlandicus
Procyon lotor,Dicrostonyx hudsonius
Procyon lotor,Dicrostonyx richardsoni
Procyon lotor,Lemmiscus curtatus
Procyon lotor,Microtus chrotorrhinus
Procyon lotor,Microtus longicaudus
Procyon lotor,Microtus miurus
Procyon lotor,Microtus ochrogaster
Procyon lotor,Microtus oregoni
Procyon lotor,Microtus pinetorum
Procyon lotor,Microtus richardsoni
Procyon lotor,Phenacomys intermedius
Procyon lotor,Phenacomys ungava
Procyon lotor,Synaptomys cooperi
Procyon lotor,Neotoma cinerea
Procyon lotor,Peromyscus keeni
Procyon lotor,Lemmus trimucronatus
Procyon lotor,Sorex preblei
Procyon lotor,Myodes rutilus
Procyon lotor,Sorex monticolus
Puma concolor,Mustela nivalis
Puma concolor,Vulpes vulpes
Puma concolor,Lontra canadensis
Puma concolor,Enhydra lutris
Puma concolor,Mustela nigripes
Puma concolor,Mustela macrodon
Puma concolor,Mustela frenata
Puma concolor,Mustela vison
Puma concolor,Urocyon cinereoargenteus
Puma concolor,Vulpes velox
Puma concolor,Martes americana
Puma concolor,Lepus europaeus
Puma concolor,Dama dama
Puma concolor,Ovis canadensis
Puma concolor,Ovis dalli
Puma concolor,Oreamnos americanus
Puma concolor,Odocoileus hemionus
Puma concolor,Odocoileus virginianus
Puma concolor,Rangifer tarandus
Puma concolor,Sciurus carolinensis
Puma concolor,Glaucomys sabrinus
Puma concolor,Marmota broweri
Puma concolor,Marmota vancouverensis
Puma concolor,Callospermophilus saturatus
Puma concolor,Callospermophilus lateralis
Puma concolor,Sorex maritimensis
Puma concolor,Sorex fumeus
Puma concolor,Sorex rohweri
Puma concolor,Dicrostonyx nunatakensis
Puma concolor,Ondatra zibethicus
Puma concolor,Microtus montanus
Puma concolor,Microtus xanthognathus
Puma concolor,Peromyscus maniculatus
Puma concolor,Synaptomys borealis
Puma concolor,Lepus arcticus
Puma concolor,Ovibos moschatus
Puma concolor,Glaucomys volans
Puma concolor,Microtus oeconomus
Puma concolor,Microtus pennsylvanicus
Puma concolor,Microtus townsendii
Puma concolor,Onychomys leucogaster
Puma concolor,Peromyscus leucopus
Puma concolor,Reithrodontomys megalotis
Puma concolor,Sciurus niger
Puma concolor,Cryptotis parva
Puma concolor,Sorex arcticus
Puma concolor,Sorex bendirii
Puma concolor,Sorex cinereus
Puma concolor,Sorex dispar
Puma concolor,Sorex haydeni
Puma concolor,Sorex hoyi
Puma concolor,Sorex merriami
Puma concolor,Sorex palustris
Puma concolor,Sorex trowbridgii
Puma concolor,Sorex tundrensis
Puma concolor,Sorex ugyunak
Puma concolor,Sorex vagrans
Puma concolor,Blarina brevicauda
Puma concolor,Marmota flaviventris
Puma concolor,Marmota monax
Puma concolor,Tamiasciurus douglasii
Puma concolor,Tamiasciurus hudsonicus
Puma concolor,Myodes gapperi
Puma concolor,Dicrostonyx groenlandicus
Puma concolor,Dicrostonyx hudsonius
Puma concolor,Dicrostonyx richardsoni
Puma concolor,Lemmiscus curtatus
Puma concolor,Microtus chrotorrhinus
Puma concolor,Microtus longicaudus
Puma concolor,Microtus miurus
Puma concolor,Microtus ochrogaster
Puma concolor,Microtus oregoni
Puma concolor,Microtus pinetorum
Puma concolor,Microtus richardsoni
Puma concolor,Phenacomys intermedius
Puma concolor,Phenacomys ungava
Puma concolor,Synaptomys cooperi
Puma concolor,Neotoma cinerea
Puma concolor,Peromyscus keeni
Puma concolor,Lemmus trimucronatus
Puma concolor,Sorex preblei
Puma concolor,Marmota caligata
Puma concolor,Myodes rutilus
Puma concolor,Sorex monticolus
Spilogale putorius,Mustela nivalis
Spilogale putorius,Mustela macrodon
Spilogale putorius,Mustela frenata
Spilogale putorius,Mustela vison
Spilogale putorius,Mus musculus
Spilogale putorius,Lepus europaeus
Spilogale putorius,Sciurus carolinensis
Spilogale putorius,Glaucomys sabrinus
Spilogale putorius,Sorex maritimensis
Spilogale putorius,Sorex fumeus
Spilogale putorius,Sorex rohweri
Spilogale putorius,Scapanus townsendii
Spilogale putorius,Dicrostonyx nunatakensis
Spilogale putorius,Ondatra zibethicus
Spilogale putorius,Microtus montanus
Spilogale putorius,Microtus xanthognathus
Spilogale putorius,Peromyscus maniculatus
Spilogale putorius,Synaptomys borealis
Spilogale putorius,Lepus arcticus
Spilogale putorius,Glaucomys volans
Spilogale putorius,Microtus oeconomus
Spilogale putorius,Microtus pennsylvanicus
Spilogale putorius,Microtus townsendii
Spilogale putorius,Onychomys leucogaster
Spilogale putorius,Peromyscus leucopus
Spilogale putorius,Reithrodontomys megalotis
Spilogale putorius,Sciurus niger
Spilogale putorius,Cryptotis parva
Spilogale putorius,Sorex arcticus
Spilogale putorius,Sorex bendirii
Spilogale putorius,Sorex cinereus
Spilogale putorius,Sorex dispar
Spilogale putorius,Sorex haydeni
Spilogale putorius,Sorex hoyi
Spilogale putorius,Sorex merriami
Spilogale putorius,Sorex palustris
Spilogale putorius,Sorex trowbridgii
Spilogale putorius,Sorex tundrensis
Spilogale putorius,Sorex ugyunak
Spilogale putorius,Sorex vagrans
Spilogale putorius,Blarina brevicauda
Spilogale putorius,Condylura cristata
Spilogale putorius,Neurotrichus gibbsii
Spilogale putorius,Parascalops breweri
Spilogale putorius,Scalopus aquaticus
Spilogale putorius,Scapanus orarius
Spilogale putorius,Tamiasciurus douglasii
Spilogale putorius,Tamiasciurus hudsonicus
Spilogale putorius,Myodes gapperi
Spilogale putorius,Dicrostonyx groenlandicus
Spilogale putorius,Dicrostonyx hudsonius
Spilogale putorius,Dicrostonyx richardsoni
Spilogale putorius,Lemmiscus curtatus
Spilogale putorius,Microtus chrotorrhinus
Spilogale putorius,Microtus longicaudus
Spilogale putorius,Microtus miurus
Spilogale putorius,Microtus ochrogaster
Spilogale putorius,Microtus oregoni
Spilogale putorius,Microtus pinetorum
Spilogale putorius,Microtus richardsoni
Spilogale putorius,Phenacomys intermedius
Spilogale putorius,Phenacomys ungava
Spilogale putorius,Synaptomys cooperi
Spilogale putorius,Neotoma cinerea
Spilogale putorius,Peromyscus keeni
Spilogale putorius,Lemmus trimucronatus
Spilogale putorius,Sorex preblei
Spilogale putorius,Myodes rutilus
Spilogale putorius,Sorex monticolus
Taxidea taxus,Mustela nivalis
Taxidea taxus,Mustela macrodon
Taxidea taxus,Mustela frenata
Taxidea taxus,Mustela vison
Taxidea taxus,Mus musculus
Taxidea taxus,Lepus europaeus
Taxidea taxus,Sciurus carolinensis
Taxidea taxus,Glaucomys sabrinus
Taxidea taxus,Sorex maritimensis
Taxidea taxus,Sorex fumeus
Taxidea taxus,Sorex rohweri
Taxidea taxus,Scapanus townsendii
Taxidea taxus,Dicrostonyx nunatakensis
Taxidea taxus,Ondatra zibethicus
Taxidea taxus,Microtus montanus
Taxidea taxus,Microtus xanthognathus
Taxidea taxus,Peromyscus maniculatus
Taxidea taxus,Synaptomys borealis
Taxidea taxus,Lepus arcticus
Taxidea taxus,Glaucomys volans
Taxidea taxus,Microtus oeconomus
Taxidea taxus,Microtus pennsylvanicus
Taxidea taxus,Microtus townsendii
Taxidea taxus,Onychomys leucogaster
Taxidea taxus,Peromyscus leucopus
Taxidea taxus,Reithrodontomys megalotis
Taxidea taxus,Sciurus niger
Taxidea taxus,Cryptotis parva
Taxidea taxus,Sorex arcticus
Taxidea taxus,Sorex bendirii
Taxidea taxus,Sorex cinereus
Taxidea taxus,Sorex dispar
Taxidea taxus,Sorex haydeni
Taxidea taxus,Sorex hoyi
Taxidea taxus,Sorex merriami
Taxidea taxus,Sorex palustris
Taxidea taxus,Sorex trowbridgii
Taxidea taxus,Sorex tundrensis
Taxidea taxus,Sorex ugyunak
Taxidea taxus,Sorex vagrans
Taxidea taxus,Blarina brevicauda
Taxidea taxus,Condylura cristata
Taxidea taxus,Neurotrichus gibbsii
Taxidea taxus,Parascalops breweri
Taxidea taxus,Scalopus aquaticus
Taxidea taxus,Scapanus orarius
Taxidea taxus,Tamiasciurus douglasii
Taxidea taxus,Tamiasciurus hudsonicus
Taxidea taxus,Myodes gapperi
Taxidea taxus,Dicrostonyx groenlandicus
Taxidea taxus,Dicrostonyx hudsonius
Taxidea taxus,Dicrostonyx richardsoni
Taxidea taxus,Lemmiscus curtatus
Taxidea taxus,Microtus chrotorrhinus
Taxidea taxus,Microtus longicaudus
Taxidea taxus,Microtus miurus
Taxidea taxus,Microtus ochrogaster
Taxidea taxus,Microtus oregoni
Taxidea taxus,Microtus pinetorum
Taxidea taxus,Microtus richardsoni
Taxidea taxus,Phenacomys intermedius
Taxidea taxus,Phenacomys ungava
Taxidea taxus,Synaptomys cooperi
Taxidea taxus,Neotoma cinerea
Taxidea taxus,Peromyscus keeni
Taxidea taxus,Lemmus trimucronatus
Taxidea taxus,Sorex preblei
Taxidea taxus,Myodes rutilus
Taxidea taxus,Sorex monticolus
Urocyon cinereoargenteus,Mustela nivalis
Urocyon cinereoargenteus,Mustela erminea
Urocyon cinereoargenteus,Lontra canadensis
Urocyon cinereoargenteus,Enhydra lutris
Urocyon cinereoargenteus,Mustela nigripes
Urocyon cinereoargenteus,Mustela macrodon
Urocyon cinereoargenteus,Mustela frenata
Urocyon cinereoargenteus,Mustela vison
Urocyon cinereoargenteus,Vulpes velox
Urocyon cinereoargenteus,Vulpes lagopus
Urocyon cinereoargenteus,Mus musculus
Urocyon cinereoargenteus,Lepus europaeus
Urocyon cinereoargenteus,Castor canadensis
Urocyon cinereoargenteus,Erethizon dorsatus
Urocyon cinereoargenteus,Sciurus carolinensis
Urocyon cinereoargenteus,Glaucomys sabrinus
Urocyon cinereoargenteus,Marmota broweri
Urocyon cinereoargenteus,Marmota vancouverensis
Urocyon cinereoargenteus,Urocitellus parryii
Urocyon cinereoargenteus,Urocitellus richardsonii
Urocyon cinereoargenteus,Callospermophilus saturatus
Urocyon cinereoargenteus,Ictidomys tridecemlineatus
Urocyon cinereoargenteus,Poliocitellus franklinii
Urocyon cinereoargenteus,Callospermophilus lateralis
Urocyon cinereoargenteus,Urocitellus columbianus
Urocyon cinereoargenteus,Sorex maritimensis
Urocyon cinereoargenteus,Sorex fumeus
Urocyon cinereoargenteus,Sorex rohweri
Urocyon cinereoargenteus,Scapanus townsendii
Urocyon cinereoargenteus,Dicrostonyx nunatakensis
Urocyon cinereoargenteus,Ondatra zibethicus
Urocyon cinereoargenteus,Microtus montanus
Urocyon cinereoargenteus,Microtus xanthognathus
Urocyon cinereoargenteus,Peromyscus maniculatus
Urocyon cinereoargenteus,Synaptomys borealis
Urocyon cinereoargenteus,Sylvilagus transitionalis
Urocyon cinereoargenteus,Ochotona collaris
Urocyon cinereoargenteus,Ochotona princeps
Urocyon cinereoargenteus,Lepus americanus
Urocyon cinereoargenteus,Lepus arcticus
Urocyon cinereoargenteus,Lepus townsendii
Urocyon cinereoargenteus,Sylvilagus floridanus
Urocyon cinereoargenteus,Sylvilagus nuttallii
Urocyon cinereoargenteus,Aplodontia rufa
Urocyon cinereoargenteus,Cynomys ludovicianus
Urocyon cinereoargenteus,Dipodomys ordii
Urocyon cinereoargenteus,Glaucomys volans
Urocyon cinereoargenteus,Microtus oeconomus
Urocyon cinereoargenteus,Microtus pennsylvanicus
Urocyon cinereoargenteus,Microtus townsendii
Urocyon cinereoargenteus,Onychomys leucogaster
Urocyon cinereoargenteus,Peromyscus leucopus
Urocyon cinereoargenteus,Reithrodontomys megalotis
Urocyon cinereoargenteus,Sciurus niger
Urocyon cinereoargenteus,Zapus trinotatus
Urocyon cinereoargenteus,Cryptotis parva
Urocyon cinereoargenteus,Sorex arcticus
Urocyon cinereoargenteus,Sorex bendirii
Urocyon cinereoargenteus,Sorex cinereus
Urocyon cinereoargenteus,Sorex dispar
Urocyon cinereoargenteus,Sorex haydeni
Urocyon cinereoargenteus,Sorex hoyi
Urocyon cinereoargenteus,Sorex merriami
Urocyon cinereoargenteus,Sorex palustris
Urocyon cinereoargenteus,Sorex trowbridgii
Urocyon cinereoargenteus,Sorex tundrensis
Urocyon cinereoargenteus,Sorex ugyunak
Urocyon cinereoargenteus,Sorex vagrans
Urocyon cinereoargenteus,Blarina brevicauda
Urocyon cinereoargenteus,Condylura cristata
Urocyon cinereoargenteus,Neurotrichus gibbsii
Urocyon cinereoargenteus,Parascalops breweri
Urocyon cinereoargenteus,Scalopus aquaticus
Urocyon cinereoargenteus,Scapanus orarius
Urocyon cinereoargenteus,Marmota flaviventris
Urocyon cinereoargenteus,Marmota monax
Urocyon cinereoargenteus,Tamias amoenus
Urocyon cinereoargenteus,Tamias minimus
Urocyon cinereoargenteus,Tamias striatus
Urocyon cinereoargenteus,Tamias townsendii
Urocyon cinereoargenteus,Tamiasciurus douglasii
Urocyon cinereoargenteus,Tamiasciurus hudsonicus
Urocyon cinereoargenteus,Geomys bursarius
Urocyon cinereoargenteus,Thomomys talpoides
Urocyon cinereoargenteus,Perognathus fasciatus
Urocyon cinereoargenteus,Perognathus parvus
Urocyon cinereoargenteus,Napaeozapus insignis
Urocyon cinereoargenteus,Zapus hudsonius
Urocyon cinereoargenteus,Zapus princeps
Urocyon cinereoargenteus,Myodes gapperi
Urocyon cinereoargenteus,Dicrostonyx groenlandicus
Urocyon cinereoargenteus,Dicrostonyx hudsonius
Urocyon cinereoargenteus,Dicrostonyx richardsoni
Urocyon cinereoargenteus,Lemmiscus curtatus
Urocyon cinereoargenteus,Microtus chrotorrhinus
Urocyon cinereoargenteus,Microtus longicaudus
Urocyon cinereoargenteus,Microtus miurus
Urocyon cinereoargenteus,Microtus ochrogaster
Urocyon cinereoargenteus,Microtus oregoni
Urocyon cinereoargenteus,Microtus pinetorum
Urocyon cinereoargenteus,Microtus richardsoni
Urocyon cinereoargenteus,Phenacomys intermedius
Urocyon cinereoargenteus,Phenacomys ungava
Urocyon cinereoargenteus,Synaptomys cooperi
Urocyon cinereoargenteus,Neotoma cinerea
Urocyon cinereoargenteus,Peromyscus keeni
Urocyon cinereoargenteus,Lemmus trimucronatus
Urocyon cinereoargenteus,Sorex preblei
Urocyon cinereoargenteus,Marmota caligata
Urocyon cinereoargenteus,Myodes rutilus
Urocyon cinereoargenteus,Sorex monticolus
Ursus americanus,Mus musculus
Ursus americanus,Dama dama
Ursus americanus,Ovis canadensis
Ursus americanus,Ovis dalli
Ursus americanus,Oreamnos americanus
Ursus americanus,Alces alces
Ursus americanus,Odocoileus hemionus
Ursus americanus,Odocoileus virginianus
Ursus americanus,Rangifer tarandus
Ursus americanus,Didelphis virginiana
Ursus americanus,Marmota broweri
Ursus americanus,Marmota vancouverensis
Ursus americanus,Urocitellus parryii
Ursus americanus,Urocitellus richardsonii
Ursus americanus,Ictidomys tridecemlineatus
Ursus americanus,Poliocitellus franklinii
Ursus americanus,Urocitellus columbianus
Ursus americanus,Dicrostonyx nunatakensis
Ursus americanus,Ondatra zibethicus
Ursus americanus,Microtus montanus
Ursus americanus,Microtus xanthognathus
Ursus americanus,Peromyscus maniculatus
Ursus americanus,Synaptomys borealis
Ursus americanus,Eschrichtius robustus
Ursus americanus,Berardius bairdii
Ursus americanus,Delphinapterus leucas
Ursus americanus,Hyperoodon ampullatus
Ursus americanus,Kogia breviceps
Ursus americanus,Kogia sima
Ursus americanus,Mesoplodon bidens
Ursus americanus,Mesoplodon carlhubbsi
Ursus americanus,Mesoplodon densirostris
Ursus americanus,Mesoplodon mirus
Ursus americanus,Mesoplodon stejnegeri
Ursus americanus,Monodon monoceros
Ursus americanus,Phocoena phocoena
Ursus americanus,Phocoenoides dalli
Ursus americanus,Ziphius cavirostris
Ursus americanus,Ovibos moschatus
Ursus americanus,Antilocapra americana
Ursus americanus,Cynomys ludovicianus
Ursus americanus,Microtus oeconomus
Ursus americanus,Microtus pennsylvanicus
Ursus americanus,Microtus townsendii
Ursus americanus,Onychomys leucogaster
Ursus americanus,Peromyscus leucopus
Ursus americanus,Reithrodontomys megalotis
Ursus americanus,Marmota flaviventris
Ursus americanus,Myodes gapperi
Ursus americanus,Dicrostonyx groenlandicus
Ursus americanus,Dicrostonyx hudsonius
Ursus americanus,Dicrostonyx richardsoni
Ursus americanus,Lemmiscus curtatus
Ursus americanus,Microtus chrotorrhinus
Ursus americanus,Microtus longicaudus
Ursus americanus,Microtus miurus
Ursus americanus,Microtus ochrogaster
Ursus americanus,Microtus oregoni
Ursus americanus,Microtus pinetorum
Ursus americanus,Microtus richardsoni
Ursus americanus,Phenacomys intermedius
Ursus americanus,Phenacomys ungava
Ursus americanus,Synaptomys cooperi
Ursus americanus,Neotoma cinerea
Ursus americanus,Peromyscus keeni
Ursus americanus,Lemmus trimucronatus
Ursus americanus,Marmota caligata
Ursus americanus,Bison bison
Ursus americanus,Cervus elaphus
Ursus americanus,Myodes rutilus
Ursus arctos,Mus musculus
Ursus arctos,Dama dama
Ursus arctos,Ovis canadensis
Ursus arctos,Ovis dalli
Ursus arctos,Oreamnos americanus
Ursus arctos,Alces alces
Ursus arctos,Odocoileus hemionus
Ursus arctos,Odocoileus virginianus
Ursus arctos,Rangifer tarandus
Ursus arctos,Didelphis virginiana
Ursus arctos,Marmota broweri
Ursus arctos,Marmota vancouverensis
Ursus arctos,Urocitellus parryii
Ursus arctos,Urocitellus richardsonii
Ursus arctos,Ictidomys tridecemlineatus
Ursus arctos,Poliocitellus franklinii
Ursus arctos,Urocitellus columbianus
Ursus arctos,Dicrostonyx nunatakensis
Ursus arctos,Ondatra zibethicus
Ursus arctos,Microtus montanus
Ursus arctos,Microtus xanthognathus
Ursus arctos,Peromyscus maniculatus
Ursus arctos,Synaptomys borealis
Ursus arctos,Eschrichtius robustus
Ursus arctos,Berardius bairdii
Ursus arctos,Delphinapterus leucas
Ursus arctos,Hyperoodon ampullatus
Ursus arctos,Kogia breviceps
Ursus arctos,Kogia sima
Ursus arctos,Mesoplodon bidens
Ursus arctos,Mesoplodon carlhubbsi
Ursus arctos,Mesoplodon densirostris
Ursus arctos,Mesoplodon mirus
Ursus arctos,Mesoplodon stejnegeri
Ursus arctos,Monodon monoceros
Ursus arctos,Phocoena phocoena
Ursus arctos,Phocoenoides dalli
Ursus arctos,Ziphius cavirostris
Ursus arctos,Ovibos moschatus
Ursus arctos,Antilocapra americana
Ursus arctos,Aplodontia rufa
Ursus arctos,Cynomys ludovicianus
Ursus arctos,Microtus oeconomus
Ursus arctos,Microtus pennsylvanicus
Ursus arctos,Microtus townsendii
Ursus arctos,Onychomys leucogaster
Ursus arctos,Peromyscus leucopus
Ursus arctos,Reithrodontomys megalotis
Ursus arctos,Marmota flaviventris
Ursus arctos,Tamias amoenus
Ursus arctos,Tamias minimus
Ursus arctos,Tamias striatus
Ursus arctos,Tamias townsendii
Ursus arctos,Myodes gapperi
Ursus arctos,Dicrostonyx groenlandicus
Ursus arctos,Dicrostonyx hudsonius
Ursus arctos,Dicrostonyx richardsoni
Ursus arctos,Lemmiscus curtatus
Ursus arctos,Microtus chrotorrhinus
Ursus arctos,Microtus longicaudus
Ursus arctos,Microtus miurus
Ursus arctos,Microtus ochrogaster
Ursus arctos,Microtus oregoni
Ursus arctos,Microtus pinetorum
Ursus arctos,Microtus richardsoni
Ursus arctos,Phenacomys intermedius
Ursus arctos,Phenacomys ungava
Ursus arctos,Synaptomys cooperi
Ursus arctos,Neotoma cinerea
Ursus arctos,Peromyscus keeni
Ursus arctos,Lemmus trimucronatus
Ursus arctos,Marmota caligata
Ursus arctos,Bison bison
Ursus arctos,Cervus elaphus
Ursus arctos,Myodes rutilus
Vulpes lagopus,Mustela nivalis
Vulpes lagopus,Mustela macrodon
Vulpes lagopus,Mustela frenata
Vulpes lagopus,Mustela vison
Vulpes lagopus,Sorex fumeus
Vulpes lagopus,Sorex rohweri
Vulpes lagopus,Dicrostonyx nunatakensis
Vulpes lagopus,Ondatra zibethicus
Vulpes lagopus,Microtus montanus
Vulpes lagopus,Microtus xanthognathus
Vulpes lagopus,Peromyscus maniculatus
Vulpes lagopus,Synaptomys borealis
Vulpes lagopus,Ochotona collaris
Vulpes lagopus,Ochotona princeps
Vulpes lagopus,Lepus arcticus
Vulpes lagopus,Microtus oeconomus
Vulpes lagopus,Microtus pennsylvanicus
Vulpes lagopus,Microtus townsendii
Vulpes lagopus,Onychomys leucogaster
Vulpes lagopus,Peromyscus leucopus
Vulpes lagopus,Reithrodontomys megalotis
Vulpes lagopus,Cryptotis parva
Vulpes lagopus,Sorex bendirii
Vulpes lagopus,Sorex cinereus
Vulpes lagopus,Sorex dispar
Vulpes lagopus,Sorex haydeni
Vulpes lagopus,Sorex hoyi
Vulpes lagopus,Sorex merriami
Vulpes lagopus,Sorex palustris
Vulpes lagopus,Sorex trowbridgii
Vulpes lagopus,Sorex tundrensis
Vulpes lagopus,Sorex ugyunak
Vulpes lagopus,Sorex vagrans
Vulpes lagopus,Blarina brevicauda
Vulpes lagopus,Myodes gapperi
Vulpes lagopus,Dicrostonyx groenlandicus
Vulpes lagopus,Dicrostonyx hudsonius
Vulpes lagopus,Dicrostonyx richardsoni
Vulpes lagopus,Microtus chrotorrhinus
Vulpes lagopus,Microtus longicaudus
Vulpes lagopus,Microtus miurus
Vulpes lagopus,Microtus ochrogaster
Vulpes lagopus,Microtus oregoni
Vulpes lagopus,Microtus pinetorum
Vulpes lagopus,Microtus richardsoni
Vulpes lagopus,Phenacomys intermedius
Vulpes lagopus,Phenacomys ungava
Vulpes lagopus,Synaptomys cooperi
Vulpes lagopus,Neotoma cinerea
Vulpes lagopus,Peromyscus keeni
Vulpes lagopus,Lemmus trimucronatus
Vulpes lagopus,Sorex preblei
Vulpes lagopus,Myodes rutilus
Vulpes lagopus,Sorex monticolus
Vulpes velox,Mustela nivalis
Vulpes velox,Mus musculus
Vulpes velox,Lepus europaeus
Vulpes velox,Castor canadensis
Vulpes velox,Urocitellus parryii
Vulpes velox,Urocitellus richardsonii
Vulpes velox,Ictidomys tridecemlineatus
Vulpes velox,Poliocitellus franklinii
Vulpes velox,Urocitellus columbianus
Vulpes velox,Sorex fumeus
Vulpes velox,Sorex rohweri
Vulpes velox,Dicrostonyx nunatakensis
Vulpes velox,Ondatra zibethicus
Vulpes velox,Microtus montanus
Vulpes velox,Microtus xanthognathus
Vulpes velox,Peromyscus maniculatus
Vulpes velox,Synaptomys borealis
Vulpes velox,Ochotona collaris
Vulpes velox,Ochotona princeps
Vulpes velox,Lepus arcticus
Vulpes velox,Aplodontia rufa
Vulpes velox,Cynomys ludovicianus
Vulpes velox,Dipodomys ordii
Vulpes velox,Microtus oeconomus
Vulpes velox,Microtus pennsylvanicus
Vulpes velox,Microtus townsendii
Vulpes velox,Onychomys leucogaster
Vulpes velox,Peromyscus leucopus
Vulpes velox,Reithrodontomys megalotis
Vulpes velox,Cryptotis parva
Vulpes velox,Sorex bendirii
Vulpes velox,Sorex cinereus
Vulpes velox,Sorex dispar
Vulpes velox,Sorex haydeni
Vulpes velox,Sorex hoyi
Vulpes velox,Sorex merriami
Vulpes velox,Sorex palustris
Vulpes velox,Sorex trowbridgii
Vulpes velox,Sorex tundrensis
Vulpes velox,Sorex ugyunak
Vulpes velox,Sorex vagrans
Vulpes velox,Blarina brevicauda
Vulpes velox,Neurotrichus gibbsii
Vulpes velox,Tamias amoenus
Vulpes velox,Tamias minimus
Vulpes velox,Tamias striatus
Vulpes velox,Tamias townsendii
Vulpes velox,Geomys bursarius
Vulpes velox,Thomomys talpoides
Vulpes velox,Perognathus fasciatus
Vulpes velox,Perognathus parvus
Vulpes velox,Myodes gapperi
Vulpes velox,Dicrostonyx groenlandicus
Vulpes velox,Dicrostonyx hudsonius
Vulpes velox,Dicrostonyx richardsoni
Vulpes velox,Lemmiscus curtatus
Vulpes velox,Microtus chrotorrhinus
Vulpes velox,Microtus longicaudus
Vulpes velox,Microtus miurus
Vulpes velox,Microtus ochrogaster
Vulpes velox,Microtus oregoni
Vulpes velox,Microtus pinetorum
Vulpes velox,Microtus richardsoni
Vulpes velox,Phenacomys intermedius
Vulpes velox,Phenacomys ungava
Vulpes velox,Synaptomys cooperi
Vulpes velox,Neotoma cinerea
Vulpes velox,Peromyscus keeni
Vulpes velox,Lemmus trimucronatus
Vulpes velox,Sorex preblei
Vulpes velox,Myodes rutilus
Vulpes velox,Sorex monticolus
Vulpes vulpes,Mustela nivalis
Vulpes vulpes,Mustela erminea
Vulpes vulpes,Lontra canadensis
Vulpes vulpes,Enhydra lutris
Vulpes vulpes,Mustela nigripes
Vulpes vulpes,Mustela macrodon
Vulpes vulpes,Mustela frenata
Vulpes vulpes,Mustela vison
Vulpes vulpes,Urocyon cinereoargenteus
Vulpes vulpes,Vulpes velox
Vulpes vulpes,Martes americana
Vulpes vulpes,Vulpes lagopus
Vulpes vulpes,Mus musculus
Vulpes vulpes,Lepus europaeus
Vulpes vulpes,Alces alces
Vulpes vulpes,Castor canadensis
Vulpes vulpes,Erethizon dorsatus
Vulpes vulpes,Sciurus carolinensis
Vulpes vulpes,Glaucomys sabrinus
Vulpes vulpes,Marmota broweri
Vulpes vulpes,Marmota vancouverensis
Vulpes vulpes,Urocitellus parryii
Vulpes vulpes,Urocitellus richardsonii
Vulpes vulpes,Callospermophilus saturatus
Vulpes vulpes,Ictidomys tridecemlineatus
Vulpes vulpes,Poliocitellus franklinii
Vulpes vulpes,Callospermophilus lateralis
Vulpes vulpes,Urocitellus columbianus
Vulpes vulpes,Sorex maritimensis
Vulpes vulpes,Sorex fumeus
Vulpes vulpes,Sorex rohweri
Vulpes vulpes,Scapanus townsendii
Vulpes vulpes,Dicrostonyx nunatakensis
Vulpes vulpes,Ondatra zibethicus
Vulpes vulpes,Microtus montanus
Vulpes vulpes,Microtus xanthognathus
Vulpes vulpes,Peromyscus maniculatus
Vulpes vulpes,Synaptomys borealis
Vulpes vulpes,Sylvilagus transitionalis
Vulpes vulpes,Ochotona collaris
Vulpes vulpes,Ochotona princeps
Vulpes vulpes,Lepus americanus
Vulpes vulpes,Lepus arcticus
Vulpes vulpes,Lepus townsendii
Vulpes vulpes,Sylvilagus floridanus
Vulpes vulpes,Sylvilagus nuttallii
Vulpes vulpes,Aplodontia rufa
Vulpes vulpes,Cynomys ludovicianus
Vulpes vulpes,Dipodomys ordii
Vulpes vulpes,Glaucomys volans
Vulpes vulpes,Microtus oeconomus
Vulpes vulpes,Microtus pennsylvanicus
Vulpes vulpes,Microtus townsendii
Vulpes vulpes,Onychomys leucogaster
Vulpes vulpes,Peromyscus leucopus
Vulpes vulpes,Reithrodontomys megalotis
Vulpes vulpes,Sciurus niger
Vulpes vulpes,Zapus trinotatus
Vulpes vulpes,Cryptotis parva
Vulpes vulpes,Sorex arcticus
Vulpes vulpes,Sorex bendirii
Vulpes vulpes,Sorex cinereus
Vulpes vulpes,Sorex dispar
Vulpes vulpes,Sorex haydeni
Vulpes vulpes,Sorex hoyi
Vulpes vulpes,Sorex merriami
Vulpes vulpes,Sorex palustris
Vulpes vulpes,Sorex trowbridgii
Vulpes vulpes,Sorex tundrensis
Vulpes vulpes,Sorex ugyunak
Vulpes vulpes,Sorex vagrans
Vulpes vulpes,Blarina brevicauda
Vulpes vulpes,Condylura cristata
Vulpes vulpes,Neurotrichus gibbsii
Vulpes vulpes,Parascalops breweri
Vulpes vulpes,Scalopus aquaticus
Vulpes vulpes,Scapanus orarius
Vulpes vulpes,Marmota flaviventris
Vulpes vulpes,Marmota monax
Vulpes vulpes,Tamias amoenus
Vulpes vulpes,Tamias minimus
Vulpes vulpes,Tamias striatus
Vulpes vulpes,Tamias townsendii
Vulpes vulpes,Tamiasciurus douglasii
Vulpes vulpes,Tamiasciurus hudsonicus
Vulpes vulpes,Geomys bursarius
Vulpes vulpes,Thomomys talpoides
Vulpes vulpes,Perognathus fasciatus
Vulpes vulpes,Perognathus parvus
Vulpes vulpes,Napaeozapus insignis
Vulpes vulpes,Zapus hudsonius
Vulpes vulpes,Zapus princeps
Vulpes vulpes,Myodes gapperi
Vulpes vulpes,Dicrostonyx groenlandicus
Vulpes vulpes,Dicrostonyx hudsonius
Vulpes vulpes,Dicrostonyx richardsoni
Vulpes vulpes,Lemmiscus curtatus
Vulpes vulpes,Microtus chrotorrhinus
Vulpes vulpes,Microtus longicaudus
Vulpes vulpes,Microtus miurus
Vulpes vulpes,Microtus ochrogaster
Vulpes vulpes,Microtus oregoni
Vulpes vulpes,Microtus pinetorum
Vulpes vulpes,Microtus richardsoni
Vulpes vulpes,Phenacomys intermedius
Vulpes vulpes,Phenacomys ungava
Vulpes vulpes,Synaptomys cooperi
Vulpes vulpes,Neotoma cinerea
Vulpes vulpes,Peromyscus keeni
Vulpes vulpes,Lemmus trimucronatus
Vulpes vulpes,Sorex preblei
Vulpes vulpes,Marmota caligata
Vulpes vulpes,Myodes rutilus
Vulpes vulpes,Sorex monticolus
