Atelerix algirus,Microtus agrestis
Atelerix algirus,Microtus arvalis
Atelerix algirus,Microtus cabrerae
Atelerix algirus,Microtus duodecimcostatus
Atelerix algirus,Microtus gerbei
Atelerix algirus,Apodemus flavicollis
Atelerix algirus,Mus musculus
Atelerix algirus,Mus spretus
Atelerix algirus,Apodemus sylvaticus
Atelerix algirus,Arvicola sapidus
Atelerix algirus,Sorex araneus
Atelerix algirus,Sorex coronatus
Atelerix algirus,Sorex minutus
Atelerix algirus,Suncus etruscus
Atelerix algirus,Chionomys nivalis
Atelerix algirus,Crocidura canariensis
Atelerix algirus,Crocidura pachyura
Atelerix algirus,Crocidura russula
Atelerix algirus,Crocidura suaveolens
Canis aureus,Martes foina
Canis aureus,Meles meles
Canis aureus,Mustela nivalis
Canis aureus,Vulpes vulpes
Canis aureus,Erinaceus concolor
Canis aureus,Herpestes ichneumon
Canis aureus,Mustela eversmanii
Canis aureus,Vormela peregusna
Canis aureus,Erinaceus roumanicus
Canis aureus,Felis silvestris
Canis aureus,Hemiechinus auritus
Canis aureus,Felis chaus
Canis aureus,Felis manul
Canis aureus,Mustela putorius
Canis aureus,Lutra lutra
Canis aureus,Eliomys quercinus
Canis aureus,Acomys cilicicus
Canis aureus,Meriones crassus
Canis aureus,Meriones dahli
Canis aureus,Meriones persicus
Canis aureus,Apodemus agrarius
Canis aureus,Meriones tamariscinus
Canis aureus,Meriones tristrami
Canis aureus,Meriones vinogradovi
Canis aureus,Mesocricetus auratus
Canis aureus,Mesocricetus brandti
Canis aureus,Mesocricetus newtoni
Canis aureus,Mesocricetus raddei
Canis aureus,Micromys minutus
Canis aureus,Microtus agrestis
Canis aureus,Microtus anatolicus
Canis aureus,Microtus arvalis
Canis aureus,Microtus daghestanicus
Canis aureus,Microtus dogramacii
Canis aureus,Microtus felteni
Canis aureus,Apodemus epimelas
Canis aureus,Microtus guentheri
Canis aureus,Microtus levis
Canis aureus,Microtus liechtensteini
Canis aureus,Microtus majori
Canis aureus,Apodemus flavicollis
Canis aureus,Microtus schidlovskii
Canis aureus,Microtus socialis
Canis aureus,Microtus subterraneus
Canis aureus,Microtus thomasi
Canis aureus,Mus macedonicus
Canis aureus,Mus musculus
Canis aureus,Apodemus hyrcanicus
Canis aureus,Mus spicilegus
Canis aureus,Muscardinus avellanarius
Canis aureus,Myodes glareolus
Canis aureus,Apodemus mystacinus
Canis aureus,Myomimus roachi
Canis aureus,Myomimus setzeri
Canis aureus,Apodemus ponticus
Canis aureus,Apodemus sylvaticus
Canis aureus,Apodemus uralensis
Canis aureus,Apodemus witherbyi
Canis aureus,Prometheomys schaposchnikowi
Canis aureus,Arvicola amphibius
Canis aureus,Sciurus anomalus
Canis aureus,Sciurus vulgaris
Canis aureus,Sicista armenica
Canis aureus,Sicista caucasica
Canis aureus,Sicista kazbegica
Canis aureus,Arvicola scherman
Canis aureus,Sicista kluchorica
Canis aureus,Sicista strandi
Canis aureus,Sicista subtilis
Canis aureus,Sorex alpinus
Canis aureus,Sorex araneus
Canis aureus,Sorex minutus
Canis aureus,Sorex raddei
Canis aureus,Sorex satunini
Canis aureus,Sorex volnuchini
Canis aureus,Spalax ehrenbergi
Canis aureus,Spalax giganteus
Canis aureus,Spalax graecus
Canis aureus,Spalax leucodon
Canis aureus,Spalax microphthalmus
Canis aureus,Spalax nehringi
Canis aureus,Spermophilus citellus
Canis aureus,Spermophilus musicus
Canis aureus,Spermophilus taurensis
Canis aureus,Spermophilus xanthoprymnus
Canis aureus,Suncus etruscus
Canis aureus,Talpa caeca
Canis aureus,Talpa caucasica
Canis aureus,Talpa davidiana
Canis aureus,Talpa europaea
Canis aureus,Talpa levantis
Canis aureus,Talpa stankovici
Canis aureus,Tatera indica
Canis aureus,Calomyscus urartensis
Canis aureus,Castor fiber
Canis aureus,Chionomys gud
Canis aureus,Chionomys nivalis
Canis aureus,Chionomys roberti
Canis aureus,Cricetulus migratorius
Canis aureus,Cricetus cricetus
Canis aureus,Crocidura arispa
Canis aureus,Crocidura armenica
Canis aureus,Allactaga elater
Canis aureus,Crocidura caspica
Canis aureus,Crocidura leucodon
Canis aureus,Crocidura serezkyensis
Canis aureus,Crocidura suaveolens
Canis aureus,Allactaga euphratica
Canis aureus,Dinaromys bogdanovi
Canis aureus,Dryomys laniger
Canis aureus,Dryomys nitedula
Canis aureus,Eliomys melanurus
Canis aureus,Ellobius lutescens
Canis aureus,Allactaga major
Canis aureus,Ellobius talpinus
Canis aureus,Dipodillus dasyurus
Canis aureus,Glis glis
Canis aureus,Allactaga williamsi
Canis aureus,Hystrix indica
Canis aureus,Lepus europaeus
Canis lupus,Martes foina
Canis lupus,Meles meles
Canis lupus,Mustela nivalis
Canis lupus,Vulpes vulpes
Canis lupus,Canis aureus
Canis lupus,Erinaceus concolor
Canis lupus,Herpestes ichneumon
Canis lupus,Mustela eversmanii
Canis lupus,Sus scrofa
Canis lupus,Vormela peregusna
Canis lupus,Vulpes corsac
Canis lupus,Erinaceus roumanicus
Canis lupus,Felis silvestris
Canis lupus,Hemiechinus auritus
Canis lupus,Mustela erminea
Canis lupus,Genetta genetta
Canis lupus,Vulpes lagopus
Canis lupus,Felis chaus
Canis lupus,Felis margarita
Canis lupus,Felis manul
Canis lupus,Mustela putorius
Canis lupus,Mustela sibirica
Canis lupus,Erinaceus europaeus
Canis lupus,Meles leucurus
Canis lupus,Mustela lutreola
Canis lupus,Atelerix algirus
Canis lupus,Martes zibellina
Canis lupus,Lutra lutra
Canis lupus,Eliomys quercinus
Canis lupus,Acomys cilicicus
Canis lupus,Allocricetulus eversmanni
Canis lupus,Lepus granatensis
Canis lupus,Lepus timidus
Canis lupus,Lepus tolai
Canis lupus,Marmota baibacina
Canis lupus,Marmota bobak
Canis lupus,Marmota marmota
Canis lupus,Meriones crassus
Canis lupus,Meriones dahli
Canis lupus,Meriones libycus
Canis lupus,Meriones meridianus
Canis lupus,Meriones persicus
Canis lupus,Apodemus agrarius
Canis lupus,Meriones tamariscinus
Canis lupus,Meriones tristrami
Canis lupus,Meriones vinogradovi
Canis lupus,Mesocricetus auratus
Canis lupus,Mesocricetus brandti
Canis lupus,Mesocricetus newtoni
Canis lupus,Mesocricetus raddei
Canis lupus,Micromys minutus
Canis lupus,Microtus agrestis
Canis lupus,Microtus anatolicus
Canis lupus,Apodemus alpicola
Canis lupus,Microtus arvalis
Canis lupus,Microtus brachycercus
Canis lupus,Microtus cabrerae
Canis lupus,Microtus daghestanicus
Canis lupus,Microtus dogramacii
Canis lupus,Microtus duodecimcostatus
Canis lupus,Microtus felteni
Canis lupus,Microtus gregalis
Canis lupus,Apodemus epimelas
Canis lupus,Microtus guentheri
Canis lupus,Microtus levis
Canis lupus,Microtus liechtensteini
Canis lupus,Microtus lusitanicus
Canis lupus,Microtus majori
Canis lupus,Microtus middendorffi
Canis lupus,Microtus multiplex
Canis lupus,Microtus oeconomus
Canis lupus,Microtus savii
Canis lupus,Apodemus flavicollis
Canis lupus,Microtus schidlovskii
Canis lupus,Microtus socialis
Canis lupus,Microtus subterraneus
Canis lupus,Microtus tatricus
Canis lupus,Microtus thomasi
Canis lupus,Mus macedonicus
Canis lupus,Mus musculus
Canis lupus,Apodemus hyrcanicus
Canis lupus,Mus spicilegus
Canis lupus,Mus spretus
Canis lupus,Muscardinus avellanarius
Canis lupus,Myodes glareolus
Canis lupus,Apodemus mystacinus
Canis lupus,Myodes rufocanus
Canis lupus,Myodes rutilus
Canis lupus,Myomimus roachi
Canis lupus,Myomimus setzeri
Canis lupus,Myopus schisticolor
Canis lupus,Apodemus ponticus
Canis lupus,Apodemus sylvaticus
Canis lupus,Ochotona hyperborea
Canis lupus,Apodemus uralensis
Canis lupus,Ochotona pusilla
Canis lupus,Oryctolagus cuniculus
Canis lupus,Ovis aries
Canis lupus,Apodemus witherbyi
Canis lupus,Prometheomys schaposchnikowi
Canis lupus,Pygeretmus platyurus
Canis lupus,Arvicola amphibius
Canis lupus,Pygeretmus pumilio
Canis lupus,Rangifer tarandus
Canis lupus,Rhombomys opimus
Canis lupus,Arvicola sapidus
Canis lupus,Rupicapra pyrenaica
Canis lupus,Rupicapra rupicapra
Canis lupus,Saiga tatarica
Canis lupus,Sciurus anomalus
Canis lupus,Sciurus vulgaris
Canis lupus,Sicista armenica
Canis lupus,Sicista betulina
Canis lupus,Sicista caucasica
Canis lupus,Sicista kazbegica
Canis lupus,Arvicola scherman
Canis lupus,Sicista kluchorica
Canis lupus,Sicista severtzovi
Canis lupus,Sicista strandi
Canis lupus,Sicista subtilis
Canis lupus,Sorex alpinus
Canis lupus,Sorex antinorii
Canis lupus,Sorex araneus
Canis lupus,Sorex caecutiens
Canis lupus,Sorex coronatus
Canis lupus,Sorex granarius
Canis lupus,Sorex isodon
Canis lupus,Sorex minutissimus
Canis lupus,Sorex minutus
Canis lupus,Sorex raddei
Canis lupus,Sorex samniticus
Canis lupus,Sorex satunini
Canis lupus,Sorex tundrensis
Canis lupus,Sorex volnuchini
Canis lupus,Spalax arenarius
Canis lupus,Spalax ehrenbergi
Canis lupus,Spalax giganteus
Canis lupus,Spalax graecus
Canis lupus,Spalax leucodon
Canis lupus,Spalax microphthalmus
Canis lupus,Spalax nehringi
Canis lupus,Spalax uralensis
Canis lupus,Spalax zemni
Canis lupus,Spermophilus citellus
Canis lupus,Spermophilus fulvus
Canis lupus,Spermophilus major
Canis lupus,Spermophilus musicus
Canis lupus,Spermophilus pygmaeus
Canis lupus,Spermophilus taurensis
Canis lupus,Spermophilus xanthoprymnus
Canis lupus,Stylodipus telum
Canis lupus,Suncus etruscus
Canis lupus,Bison bonasus
Canis lupus,Talpa caeca
Canis lupus,Talpa caucasica
Canis lupus,Talpa davidiana
Canis lupus,Talpa europaea
Canis lupus,Talpa levantis
Canis lupus,Talpa occidentalis
Canis lupus,Talpa stankovici
Canis lupus,Tatera indica
Canis lupus,Calomyscus urartensis
Canis lupus,Capra hircus
Canis lupus,Capra caucasica
Canis lupus,Capra ibex
Canis lupus,Capra pyrenaica
Canis lupus,Capreolus capreolus
Canis lupus,Capreolus pygargus
Canis lupus,Alces alces
Canis lupus,Castor fiber
Canis lupus,Cervus elaphus
Canis lupus,Chionomys gud
Canis lupus,Chionomys nivalis
Canis lupus,Chionomys roberti
Canis lupus,Cricetulus migratorius
Canis lupus,Cricetus cricetus
Canis lupus,Crocidura arispa
Canis lupus,Crocidura armenica
Canis lupus,Allactaga elater
Canis lupus,Crocidura caspica
Canis lupus,Crocidura leucodon
Canis lupus,Crocidura russula
Canis lupus,Crocidura serezkyensis
Canis lupus,Crocidura suaveolens
Canis lupus,Dama dama
Canis lupus,Allactaga euphratica
Canis lupus,Desmana moschata
Canis lupus,Dicrostonyx torquatus
Canis lupus,Dinaromys bogdanovi
Canis lupus,Diplomesodon pulchellum
Canis lupus,Dipus sagitta
Canis lupus,Dryomys laniger
Canis lupus,Dryomys nitedula
Canis lupus,Eliomys melanurus
Canis lupus,Ellobius lutescens
Canis lupus,Allactaga major
Canis lupus,Ellobius talpinus
Canis lupus,Allactaga sibirica
Canis lupus,Galemys pyrenaicus
Canis lupus,Gazella subgutturosa
Canis lupus,Dipodillus dasyurus
Canis lupus,Glis glis
Canis lupus,Allactaga williamsi
Canis lupus,Hystrix cristata
Canis lupus,Hystrix indica
Canis lupus,Lagurus lagurus
Canis lupus,Lemmus lemmus
Canis lupus,Lemmus sibiricus
Canis lupus,Lepus castroviejoi
Canis lupus,Lepus corsicanus
Canis lupus,Lepus europaeus
Eliomys quercinus,Tadarida teniotis
Erinaceus concolor,Acomys cilicicus
Erinaceus concolor,Apodemus agrarius
Erinaceus concolor,Mesocricetus auratus
Erinaceus concolor,Mesocricetus brandti
Erinaceus concolor,Mesocricetus raddei
Erinaceus concolor,Microtus anatolicus
Erinaceus concolor,Microtus arvalis
Erinaceus concolor,Microtus daghestanicus
Erinaceus concolor,Microtus dogramacii
Erinaceus concolor,Microtus guentheri
Erinaceus concolor,Microtus levis
Erinaceus concolor,Microtus majori
Erinaceus concolor,Apodemus flavicollis
Erinaceus concolor,Microtus schidlovskii
Erinaceus concolor,Microtus socialis
Erinaceus concolor,Microtus subterraneus
Erinaceus concolor,Mus macedonicus
Erinaceus concolor,Mus musculus
Erinaceus concolor,Apodemus hyrcanicus
Erinaceus concolor,Apodemus mystacinus
Erinaceus concolor,Apodemus ponticus
Erinaceus concolor,Apodemus sylvaticus
Erinaceus concolor,Apodemus uralensis
Erinaceus concolor,Apodemus witherbyi
Erinaceus concolor,Arvicola amphibius
Erinaceus concolor,Sorex araneus
Erinaceus concolor,Sorex raddei
Erinaceus concolor,Sorex satunini
Erinaceus concolor,Sorex volnuchini
Erinaceus concolor,Suncus etruscus
Erinaceus concolor,Chionomys gud
Erinaceus concolor,Chionomys nivalis
Erinaceus concolor,Chionomys roberti
Erinaceus concolor,Cricetulus migratorius
Erinaceus concolor,Crocidura arispa
Erinaceus concolor,Crocidura armenica
Erinaceus concolor,Crocidura caspica
Erinaceus concolor,Crocidura leucodon
Erinaceus concolor,Crocidura serezkyensis
Erinaceus concolor,Crocidura suaveolens
Erinaceus europaeus,Apodemus agrarius
Erinaceus europaeus,Microtus agrestis
Erinaceus europaeus,Apodemus alpicola
Erinaceus europaeus,Microtus arvalis
Erinaceus europaeus,Microtus bavaricus
Erinaceus europaeus,Microtus brachycercus
Erinaceus europaeus,Microtus cabrerae
Erinaceus europaeus,Microtus duodecimcostatus
Erinaceus europaeus,Microtus gerbei
Erinaceus europaeus,Microtus levis
Erinaceus europaeus,Microtus liechtensteini
Erinaceus europaeus,Microtus lusitanicus
Erinaceus europaeus,Microtus multiplex
Erinaceus europaeus,Microtus oeconomus
Erinaceus europaeus,Microtus savii
Erinaceus europaeus,Apodemus flavicollis
Erinaceus europaeus,Microtus subterraneus
Erinaceus europaeus,Mus musculus
Erinaceus europaeus,Mus spicilegus
Erinaceus europaeus,Mus spretus
Erinaceus europaeus,Apodemus sylvaticus
Erinaceus europaeus,Apodemus uralensis
Erinaceus europaeus,Arvicola amphibius
Erinaceus europaeus,Arvicola sapidus
Erinaceus europaeus,Arvicola scherman
Erinaceus europaeus,Sorex alpinus
Erinaceus europaeus,Sorex antinorii
Erinaceus europaeus,Sorex araneus
Erinaceus europaeus,Sorex caecutiens
Erinaceus europaeus,Sorex coronatus
Erinaceus europaeus,Sorex granarius
Erinaceus europaeus,Sorex isodon
Erinaceus europaeus,Sorex minutissimus
Erinaceus europaeus,Sorex minutus
Erinaceus europaeus,Sorex samniticus
Erinaceus europaeus,Suncus etruscus
Erinaceus europaeus,Chionomys nivalis
Erinaceus europaeus,Cricetulus migratorius
Erinaceus europaeus,Cricetus cricetus
Erinaceus europaeus,Crocidura leucodon
Erinaceus europaeus,Crocidura pachyura
Erinaceus europaeus,Crocidura russula
Erinaceus europaeus,Crocidura sicula
Erinaceus europaeus,Crocidura suaveolens
Erinaceus roumanicus,Allocricetulus eversmanni
Erinaceus roumanicus,Apodemus agrarius
Erinaceus roumanicus,Mesocricetus brandti
Erinaceus roumanicus,Mesocricetus newtoni
Erinaceus roumanicus,Mesocricetus raddei
Erinaceus roumanicus,Microtus agrestis
Erinaceus roumanicus,Apodemus alpicola
Erinaceus roumanicus,Microtus arvalis
Erinaceus roumanicus,Microtus daghestanicus
Erinaceus roumanicus,Microtus felteni
Erinaceus roumanicus,Microtus gregalis
Erinaceus roumanicus,Apodemus epimelas
Erinaceus roumanicus,Microtus guentheri
Erinaceus roumanicus,Microtus levis
Erinaceus roumanicus,Microtus liechtensteini
Erinaceus roumanicus,Microtus majori
Erinaceus roumanicus,Microtus multiplex
Erinaceus roumanicus,Microtus oeconomus
Erinaceus roumanicus,Microtus savii
Erinaceus roumanicus,Apodemus flavicollis
Erinaceus roumanicus,Microtus schidlovskii
Erinaceus roumanicus,Microtus socialis
Erinaceus roumanicus,Microtus subterraneus
Erinaceus roumanicus,Microtus tatricus
Erinaceus roumanicus,Microtus thomasi
Erinaceus roumanicus,Mus macedonicus
Erinaceus roumanicus,Mus musculus
Erinaceus roumanicus,Apodemus hyrcanicus
Erinaceus roumanicus,Mus spicilegus
Erinaceus roumanicus,Apodemus mystacinus
Erinaceus roumanicus,Apodemus ponticus
Erinaceus roumanicus,Apodemus sylvaticus
Erinaceus roumanicus,Acomys minous
Erinaceus roumanicus,Apodemus uralensis
Erinaceus roumanicus,Apodemus witherbyi
Erinaceus roumanicus,Arvicola amphibius
Erinaceus roumanicus,Arvicola scherman
Erinaceus roumanicus,Sorex alpinus
Erinaceus roumanicus,Sorex antinorii
Erinaceus roumanicus,Sorex araneus
Erinaceus roumanicus,Sorex caecutiens
Erinaceus roumanicus,Sorex isodon
Erinaceus roumanicus,Sorex minutissimus
Erinaceus roumanicus,Sorex minutus
Erinaceus roumanicus,Sorex raddei
Erinaceus roumanicus,Sorex satunini
Erinaceus roumanicus,Sorex tundrensis
Erinaceus roumanicus,Sorex volnuchini
Erinaceus roumanicus,Suncus etruscus
Erinaceus roumanicus,Chionomys gud
Erinaceus roumanicus,Chionomys nivalis
Erinaceus roumanicus,Chionomys roberti
Erinaceus roumanicus,Cricetulus migratorius
Erinaceus roumanicus,Cricetus cricetus
Erinaceus roumanicus,Crocidura caspica
Erinaceus roumanicus,Crocidura leucodon
Erinaceus roumanicus,Crocidura russula
Erinaceus roumanicus,Crocidura serezkyensis
Erinaceus roumanicus,Crocidura suaveolens
Erinaceus roumanicus,Crocidura zimmermanni
Erinaceus roumanicus,Diplomesodon pulchellum
Felis chaus,Erinaceus concolor
Felis chaus,Erinaceus roumanicus
Felis chaus,Hemiechinus auritus
Felis chaus,Meriones dahli
Felis chaus,Meriones libycus
Felis chaus,Meriones meridianus
Felis chaus,Meriones persicus
Felis chaus,Apodemus agrarius
Felis chaus,Meriones tamariscinus
Felis chaus,Meriones tristrami
Felis chaus,Meriones vinogradovi
Felis chaus,Mesocricetus raddei
Felis chaus,Micromys minutus
Felis chaus,Microtus anatolicus
Felis chaus,Microtus arvalis
Felis chaus,Microtus daghestanicus
Felis chaus,Microtus guentheri
Felis chaus,Microtus levis
Felis chaus,Microtus majori
Felis chaus,Apodemus flavicollis
Felis chaus,Microtus schidlovskii
Felis chaus,Microtus socialis
Felis chaus,Microtus subterraneus
Felis chaus,Mus macedonicus
Felis chaus,Mus musculus
Felis chaus,Apodemus hyrcanicus
Felis chaus,Muscardinus avellanarius
Felis chaus,Apodemus mystacinus
Felis chaus,Myomimus setzeri
Felis chaus,Apodemus ponticus
Felis chaus,Apodemus uralensis
Felis chaus,Apodemus witherbyi
Felis chaus,Arvicola amphibius
Felis chaus,Pygeretmus pumilio
Felis chaus,Sciurus anomalus
Felis chaus,Sciurus vulgaris
Felis chaus,Sicista strandi
Felis chaus,Sicista subtilis
Felis chaus,Sorex raddei
Felis chaus,Sorex satunini
Felis chaus,Sorex volnuchini
Felis chaus,Spalax giganteus
Felis chaus,Spalax nehringi
Felis chaus,Spermophilus pygmaeus
Felis chaus,Spermophilus xanthoprymnus
Felis chaus,Stylodipus telum
Felis chaus,Suncus etruscus
Felis chaus,Talpa caucasica
Felis chaus,Talpa levantis
Felis chaus,Calomyscus urartensis
Felis chaus,Chionomys gud
Felis chaus,Chionomys nivalis
Felis chaus,Chionomys roberti
Felis chaus,Cricetulus migratorius
Felis chaus,Crocidura armenica
Felis chaus,Allactaga elater
Felis chaus,Crocidura caspica
Felis chaus,Crocidura leucodon
Felis chaus,Crocidura serezkyensis
Felis chaus,Crocidura suaveolens
Felis chaus,Dipus sagitta
Felis chaus,Dryomys nitedula
Felis chaus,Ellobius lutescens
Felis chaus,Allactaga major
Felis chaus,Ellobius talpinus
Felis chaus,Glis glis
Felis chaus,Allactaga williamsi
Felis chaus,Lagurus lagurus
Felis chaus,Lepus europaeus
Felis manul,Meriones persicus
Felis manul,Meriones tristrami
Felis manul,Meriones vinogradovi
Felis manul,Mesocricetus brandti
Felis manul,Microtus arvalis
Felis manul,Apodemus flavicollis
Felis manul,Microtus socialis
Felis manul,Mus musculus
Felis manul,Apodemus ponticus
Felis manul,Apodemus uralensis
Felis manul,Apodemus witherbyi
Felis manul,Arvicola amphibius
Felis manul,Calomyscus urartensis
Felis manul,Chionomys nivalis
Felis manul,Cricetulus migratorius
Felis manul,Allactaga elater
Felis manul,Ellobius lutescens
Felis manul,Allactaga williamsi
Felis manul,Lepus europaeus
Felis margarita,Hemiechinus auritus
Felis margarita,Meriones libycus
Felis margarita,Meriones meridianus
Felis margarita,Meriones tamariscinus
Felis margarita,Microtus socialis
Felis margarita,Mus musculus
Felis margarita,Pygeretmus platyurus
Felis margarita,Pygeretmus pumilio
Felis margarita,Rhombomys opimus
Felis margarita,Spalax uralensis
Felis margarita,Spermophilus fulvus
Felis margarita,Spermophilus pygmaeus
Felis margarita,Stylodipus telum
Felis margarita,Cricetulus migratorius
Felis margarita,Cricetus cricetus
Felis margarita,Allactaga elater
Felis margarita,Crocidura suaveolens
Felis margarita,Diplomesodon pulchellum
Felis margarita,Allactaga major
Felis margarita,Ellobius talpinus
Felis margarita,Allactaga sibirica
Felis margarita,Lagurus lagurus
Felis silvestris,Martes foina
Felis silvestris,Mustela eversmanii
Felis silvestris,Vormela peregusna
Felis silvestris,Mustela putorius
Felis silvestris,Allocricetulus eversmanni
Felis silvestris,Meriones libycus
Felis silvestris,Meriones meridianus
Felis silvestris,Meriones persicus
Felis silvestris,Apodemus agrarius
Felis silvestris,Meriones tamariscinus
Felis silvestris,Meriones tristrami
Felis silvestris,Meriones vinogradovi
Felis silvestris,Mesocricetus brandti
Felis silvestris,Mesocricetus newtoni
Felis silvestris,Mesocricetus raddei
Felis silvestris,Micromys minutus
Felis silvestris,Microtus agrestis
Felis silvestris,Microtus anatolicus
Felis silvestris,Apodemus alpicola
Felis silvestris,Microtus arvalis
Felis silvestris,Microtus brachycercus
Felis silvestris,Microtus cabrerae
Felis silvestris,Microtus daghestanicus
Felis silvestris,Microtus dogramacii
Felis silvestris,Microtus duodecimcostatus
Felis silvestris,Microtus felteni
Felis silvestris,Microtus gerbei
Felis silvestris,Apodemus epimelas
Felis silvestris,Microtus guentheri
Felis silvestris,Microtus levis
Felis silvestris,Microtus liechtensteini
Felis silvestris,Microtus lusitanicus
Felis silvestris,Microtus majori
Felis silvestris,Microtus multiplex
Felis silvestris,Microtus oeconomus
Felis silvestris,Microtus savii
Felis silvestris,Apodemus flavicollis
Felis silvestris,Microtus schidlovskii
Felis silvestris,Microtus socialis
Felis silvestris,Microtus subterraneus
Felis silvestris,Microtus tatricus
Felis silvestris,Microtus thomasi
Felis silvestris,Mus macedonicus
Felis silvestris,Mus musculus
Felis silvestris,Apodemus hyrcanicus
Felis silvestris,Mus spicilegus
Felis silvestris,Mus spretus
Felis silvestris,Myodes glareolus
Felis silvestris,Apodemus mystacinus
Felis silvestris,Apodemus ponticus
Felis silvestris,Apodemus sylvaticus
Felis silvestris,Acomys minous
Felis silvestris,Apodemus uralensis
Felis silvestris,Apodemus witherbyi
Felis silvestris,Prometheomys schaposchnikowi
Felis silvestris,Pygeretmus platyurus
Felis silvestris,Arvicola amphibius
Felis silvestris,Pygeretmus pumilio
Felis silvestris,Rhombomys opimus
Felis silvestris,Arvicola sapidus
Felis silvestris,Sciurus anomalus
Felis silvestris,Sciurus vulgaris
Felis silvestris,Sicista betulina
Felis silvestris,Sicista caucasica
Felis silvestris,Arvicola scherman
Felis silvestris,Sicista kluchorica
Felis silvestris,Sicista severtzovi
Felis silvestris,Sicista strandi
Felis silvestris,Sicista subtilis
Felis silvestris,Sorex alpinus
Felis silvestris,Sorex antinorii
Felis silvestris,Sorex araneus
Felis silvestris,Sorex coronatus
Felis silvestris,Sorex granarius
Felis silvestris,Sorex minutus
Felis silvestris,Sorex raddei
Felis silvestris,Sorex samniticus
Felis silvestris,Sorex satunini
Felis silvestris,Sorex volnuchini
Felis silvestris,Spalax uralensis
Felis silvestris,Spermophilus fulvus
Felis silvestris,Spermophilus pygmaeus
Felis silvestris,Stylodipus telum
Felis silvestris,Suncus etruscus
Felis silvestris,Chionomys gud
Felis silvestris,Chionomys nivalis
Felis silvestris,Chionomys roberti
Felis silvestris,Cricetulus migratorius
Felis silvestris,Cricetus cricetus
Felis silvestris,Crocidura arispa
Felis silvestris,Crocidura armenica
Felis silvestris,Allactaga elater
Felis silvestris,Crocidura caspica
Felis silvestris,Crocidura leucodon
Felis silvestris,Crocidura pachyura
Felis silvestris,Crocidura russula
Felis silvestris,Crocidura serezkyensis
Felis silvestris,Crocidura sicula
Felis silvestris,Crocidura suaveolens
Felis silvestris,Crocidura zimmermanni
Felis silvestris,Dinaromys bogdanovi
Felis silvestris,Diplomesodon pulchellum
Felis silvestris,Dipus sagitta
Felis silvestris,Ellobius lutescens
Felis silvestris,Allactaga major
Felis silvestris,Ellobius talpinus
Felis silvestris,Allactaga sibirica
Felis silvestris,Dipodillus dasyurus
Felis silvestris,Allactaga williamsi
Felis silvestris,Lagurus lagurus
Genetta genetta,Mustela nivalis
Genetta genetta,Erinaceus europaeus
Genetta genetta,Atelerix algirus
Genetta genetta,Eliomys quercinus
Genetta genetta,Lepus granatensis
Genetta genetta,Micromys minutus
Genetta genetta,Microtus agrestis
Genetta genetta,Apodemus alpicola
Genetta genetta,Microtus arvalis
Genetta genetta,Microtus cabrerae
Genetta genetta,Microtus duodecimcostatus
Genetta genetta,Microtus gerbei
Genetta genetta,Microtus lusitanicus
Genetta genetta,Microtus multiplex
Genetta genetta,Microtus savii
Genetta genetta,Apodemus flavicollis
Genetta genetta,Microtus subterraneus
Genetta genetta,Miniopterus schreibersii
Genetta genetta,Mus musculus
Genetta genetta,Mus spretus
Genetta genetta,Muscardinus avellanarius
Genetta genetta,Myotis alcathoe
Genetta genetta,Myotis bechsteinii
Genetta genetta,Myotis blythii
Genetta genetta,Myotis brandtii
Genetta genetta,Myotis capaccinii
Genetta genetta,Myotis daubentonii
Genetta genetta,Myotis emarginatus
Genetta genetta,Myotis myotis
Genetta genetta,Myotis mystacinus
Genetta genetta,Myotis nattereri
Genetta genetta,Apodemus sylvaticus
Genetta genetta,Nyctalus noctula
Genetta genetta,Oryctolagus cuniculus
Genetta genetta,Pipistrellus kuhlii
Genetta genetta,Pipistrellus nathusii
Genetta genetta,Pipistrellus pipistrellus
Genetta genetta,Pipistrellus pygmaeus
Genetta genetta,Plecotus auritus
Genetta genetta,Plecotus austriacus
Genetta genetta,Plecotus macrobullaris
Genetta genetta,Arvicola amphibius
Genetta genetta,Arvicola sapidus
Genetta genetta,Arvicola scherman
Genetta genetta,Sorex alpinus
Genetta genetta,Sorex antinorii
Genetta genetta,Sorex araneus
Genetta genetta,Sorex coronatus
Genetta genetta,Sorex granarius
Genetta genetta,Sorex minutus
Genetta genetta,Barbastella barbastellus
Genetta genetta,Suncus etruscus
Genetta genetta,Talpa caeca
Genetta genetta,Talpa europaea
Genetta genetta,Talpa occidentalis
Genetta genetta,Vespertilio murinus
Genetta genetta,Crocidura pachyura
Genetta genetta,Crocidura russula
Genetta genetta,Crocidura suaveolens
Genetta genetta,Eptesicus nilssonii
Genetta genetta,Eptesicus serotinus
Genetta genetta,Glis glis
Genetta genetta,Hypsugo savii
Genetta genetta,Lepus castroviejoi
Genetta genetta,Lepus europaeus
Gulo gulo,Mustela nivalis
Gulo gulo,Sus scrofa
Gulo gulo,Lepus timidus
Gulo gulo,Apodemus agrarius
Gulo gulo,Microtus agrestis
Gulo gulo,Microtus arvalis
Gulo gulo,Microtus gregalis
Gulo gulo,Microtus levis
Gulo gulo,Microtus middendorffi
Gulo gulo,Microtus oeconomus
Gulo gulo,Apodemus flavicollis
Gulo gulo,Microtus subterraneus
Gulo gulo,Myodes glareolus
Gulo gulo,Myodes rufocanus
Gulo gulo,Myodes rutilus
Gulo gulo,Myopus schisticolor
Gulo gulo,Apodemus sylvaticus
Gulo gulo,Apodemus uralensis
Gulo gulo,Arvicola amphibius
Gulo gulo,Rangifer tarandus
Gulo gulo,Sorex araneus
Gulo gulo,Sorex caecutiens
Gulo gulo,Sorex isodon
Gulo gulo,Sorex minutissimus
Gulo gulo,Sorex minutus
Gulo gulo,Sorex tundrensis
Gulo gulo,Capreolus capreolus
Gulo gulo,Capreolus pygargus
Gulo gulo,Castor fiber
Gulo gulo,Cricetus cricetus
Gulo gulo,Dicrostonyx torquatus
Gulo gulo,Lemmus lemmus
Gulo gulo,Lemmus sibiricus
Hemiechinus auritus,Allocricetulus eversmanni
Hemiechinus auritus,Apodemus agrarius
Hemiechinus auritus,Mesocricetus auratus
Hemiechinus auritus,Mesocricetus brandti
Hemiechinus auritus,Mesocricetus raddei
Hemiechinus auritus,Microtus arvalis
Hemiechinus auritus,Microtus daghestanicus
Hemiechinus auritus,Microtus gregalis
Hemiechinus auritus,Microtus guentheri
Hemiechinus auritus,Microtus levis
Hemiechinus auritus,Microtus majori
Hemiechinus auritus,Microtus oeconomus
Hemiechinus auritus,Apodemus flavicollis
Hemiechinus auritus,Microtus socialis
Hemiechinus auritus,Microtus subterraneus
Hemiechinus auritus,Mus macedonicus
Hemiechinus auritus,Mus musculus
Hemiechinus auritus,Apodemus hyrcanicus
Hemiechinus auritus,Mus spicilegus
Hemiechinus auritus,Apodemus mystacinus
Hemiechinus auritus,Apodemus ponticus
Hemiechinus auritus,Apodemus uralensis
Hemiechinus auritus,Apodemus witherbyi
Hemiechinus auritus,Arvicola amphibius
Hemiechinus auritus,Sorex araneus
Hemiechinus auritus,Sorex caecutiens
Hemiechinus auritus,Sorex minutissimus
Hemiechinus auritus,Sorex minutus
Hemiechinus auritus,Sorex raddei
Hemiechinus auritus,Sorex satunini
Hemiechinus auritus,Sorex tundrensis
Hemiechinus auritus,Sorex volnuchini
Hemiechinus auritus,Suncus etruscus
Hemiechinus auritus,Chionomys gud
Hemiechinus auritus,Chionomys nivalis
Hemiechinus auritus,Chionomys roberti
Hemiechinus auritus,Cricetulus migratorius
Hemiechinus auritus,Cricetus cricetus
Hemiechinus auritus,Crocidura armenica
Hemiechinus auritus,Crocidura caspica
Hemiechinus auritus,Crocidura leucodon
Hemiechinus auritus,Crocidura serezkyensis
Hemiechinus auritus,Crocidura suaveolens
Hemiechinus auritus,Diplomesodon pulchellum
Herpestes ichneumon,Martes foina
Herpestes ichneumon,Mustela nivalis
Herpestes ichneumon,Erinaceus concolor
Herpestes ichneumon,Vormela peregusna
Herpestes ichneumon,Hemiechinus auritus
Herpestes ichneumon,Acomys cilicicus
Herpestes ichneumon,Meriones persicus
Herpestes ichneumon,Meriones tristrami
Herpestes ichneumon,Mesocricetus brandti
Herpestes ichneumon,Microtus anatolicus
Herpestes ichneumon,Microtus guentheri
Herpestes ichneumon,Microtus levis
Herpestes ichneumon,Apodemus flavicollis
Herpestes ichneumon,Microtus socialis
Herpestes ichneumon,Mus macedonicus
Herpestes ichneumon,Mus musculus
Herpestes ichneumon,Apodemus mystacinus
Herpestes ichneumon,Apodemus witherbyi
Herpestes ichneumon,Arvicola amphibius
Herpestes ichneumon,Sciurus anomalus
Herpestes ichneumon,Sorex volnuchini
Herpestes ichneumon,Spalax ehrenbergi
Herpestes ichneumon,Spalax nehringi
Herpestes ichneumon,Spermophilus taurensis
Herpestes ichneumon,Spermophilus xanthoprymnus
Herpestes ichneumon,Suncus etruscus
Herpestes ichneumon,Talpa levantis
Herpestes ichneumon,Chionomys nivalis
Herpestes ichneumon,Cricetulus migratorius
Herpestes ichneumon,Crocidura arispa
Herpestes ichneumon,Crocidura leucodon
Herpestes ichneumon,Crocidura suaveolens
Herpestes ichneumon,Dryomys laniger
Herpestes ichneumon,Dipodillus dasyurus
Herpestes ichneumon,Allactaga williamsi
Herpestes ichneumon,Hystrix indica
Herpestes ichneumon,Lepus europaeus
Hyaena hyaena,Martes foina
Hyaena hyaena,Mustela nivalis
Hyaena hyaena,Vulpes vulpes
Hyaena hyaena,Erinaceus concolor
Hyaena hyaena,Erinaceus roumanicus
Hyaena hyaena,Felis silvestris
Hyaena hyaena,Hemiechinus auritus
Hyaena hyaena,Felis chaus
Hyaena hyaena,Felis manul
Hyaena hyaena,Meriones crassus
Hyaena hyaena,Meriones dahli
Hyaena hyaena,Meriones libycus
Hyaena hyaena,Meriones persicus
Hyaena hyaena,Meriones tristrami
Hyaena hyaena,Meriones vinogradovi
Hyaena hyaena,Mesocricetus auratus
Hyaena hyaena,Mesocricetus brandti
Hyaena hyaena,Mesocricetus raddei
Hyaena hyaena,Micromys minutus
Hyaena hyaena,Microtus arvalis
Hyaena hyaena,Microtus daghestanicus
Hyaena hyaena,Microtus guentheri
Hyaena hyaena,Microtus levis
Hyaena hyaena,Microtus majori
Hyaena hyaena,Apodemus flavicollis
Hyaena hyaena,Microtus socialis
Hyaena hyaena,Mus macedonicus
Hyaena hyaena,Mus musculus
Hyaena hyaena,Apodemus hyrcanicus
Hyaena hyaena,Apodemus mystacinus
Hyaena hyaena,Apodemus ponticus
Hyaena hyaena,Apodemus uralensis
Hyaena hyaena,Apodemus witherbyi
Hyaena hyaena,Arvicola amphibius
Hyaena hyaena,Sorex raddei
Hyaena hyaena,Sorex satunini
Hyaena hyaena,Sorex volnuchini
Hyaena hyaena,Suncus etruscus
Hyaena hyaena,Talpa davidiana
Hyaena hyaena,Talpa levantis
Hyaena hyaena,Tatera indica
Hyaena hyaena,Chionomys gud
Hyaena hyaena,Chionomys nivalis
Hyaena hyaena,Chionomys roberti
Hyaena hyaena,Cricetulus migratorius
Hyaena hyaena,Crocidura armenica
Hyaena hyaena,Allactaga elater
Hyaena hyaena,Crocidura caspica
Hyaena hyaena,Crocidura leucodon
Hyaena hyaena,Crocidura serezkyensis
Hyaena hyaena,Crocidura suaveolens
Hyaena hyaena,Allactaga euphratica
Hyaena hyaena,Ellobius lutescens
Hyaena hyaena,Allactaga major
Hyaena hyaena,Gazella subgutturosa
Hyaena hyaena,Dipodillus dasyurus
Hyaena hyaena,Allactaga williamsi
Lutra lutra,Mustela nivalis
Lutra lutra,Arvicola amphibius
Lutra lutra,Arvicola sapidus
Lutra lutra,Arvicola scherman
Lutra lutra,Desmana moschata
Lutra lutra,Galemys pyrenaicus
Lynx lynx,Martes foina
Lynx lynx,Meles meles
Lynx lynx,Mustela nivalis
Lynx lynx,Vulpes vulpes
Lynx lynx,Herpestes ichneumon
Lynx lynx,Mustela eversmanii
Lynx lynx,Vormela peregusna
Lynx lynx,Vulpes corsac
Lynx lynx,Felis silvestris
Lynx lynx,Felis chaus
Lynx lynx,Felis manul
Lynx lynx,Martes martes
Lynx lynx,Mustela putorius
Lynx lynx,Mustela sibirica
Lynx lynx,Meles leucurus
Lynx lynx,Mustela lutreola
Lynx lynx,Lutra lutra
Lynx lynx,Eliomys quercinus
Lynx lynx,Lepus timidus
Lynx lynx,Marmota bobak
Lynx lynx,Marmota marmota
Lynx lynx,Microtus agrestis
Lynx lynx,Microtus anatolicus
Lynx lynx,Microtus arvalis
Lynx lynx,Microtus daghestanicus
Lynx lynx,Microtus dogramacii
Lynx lynx,Microtus duodecimcostatus
Lynx lynx,Microtus felteni
Lynx lynx,Microtus gregalis
Lynx lynx,Microtus guentheri
Lynx lynx,Microtus levis
Lynx lynx,Microtus liechtensteini
Lynx lynx,Microtus majori
Lynx lynx,Microtus multiplex
Lynx lynx,Microtus oeconomus
Lynx lynx,Microtus savii
Lynx lynx,Microtus schidlovskii
Lynx lynx,Microtus socialis
Lynx lynx,Microtus subterraneus
Lynx lynx,Microtus tatricus
Lynx lynx,Microtus thomasi
Lynx lynx,Muscardinus avellanarius
Lynx lynx,Myodes glareolus
Lynx lynx,Myodes rufocanus
Lynx lynx,Myodes rutilus
Lynx lynx,Ovis aries
Lynx lynx,Arvicola amphibius
Lynx lynx,Rangifer tarandus
Lynx lynx,Arvicola sapidus
Lynx lynx,Rupicapra rupicapra
Lynx lynx,Sciurus anomalus
Lynx lynx,Sciurus vulgaris
Lynx lynx,Arvicola scherman
Lynx lynx,Sorex alpinus
Lynx lynx,Sorex antinorii
Lynx lynx,Sorex araneus
Lynx lynx,Sorex caecutiens
Lynx lynx,Sorex coronatus
Lynx lynx,Sorex isodon
Lynx lynx,Sorex minutissimus
Lynx lynx,Sorex minutus
Lynx lynx,Sorex raddei
Lynx lynx,Sorex satunini
Lynx lynx,Sorex tundrensis
Lynx lynx,Sorex volnuchini
Lynx lynx,Stylodipus telum
Lynx lynx,Suncus etruscus
Lynx lynx,Capra hircus
Lynx lynx,Capra caucasica
Lynx lynx,Capra ibex
Lynx lynx,Capreolus capreolus
Lynx lynx,Capreolus pygargus
Lynx lynx,Dama dama
Lynx lynx,Dryomys laniger
Lynx lynx,Eliomys melanurus
Lynx lynx,Glis glis
Lynx lynx,Lemmus lemmus
Lynx lynx,Lemmus sibiricus
Lynx lynx,Lepus europaeus
Lynx pardinus,Genetta genetta
Lynx pardinus,Eliomys quercinus
Lynx pardinus,Lepus granatensis
Lynx pardinus,Mus musculus
Lynx pardinus,Mus spretus
Lynx pardinus,Apodemus sylvaticus
Lynx pardinus,Oryctolagus cuniculus
Lynx pardinus,Arvicola sapidus
Martes foina,Mustela nivalis
Martes foina,Erinaceus concolor
Martes foina,Erinaceus roumanicus
Martes foina,Hemiechinus auritus
Martes foina,Erinaceus europaeus
Martes foina,Atelerix algirus
Martes foina,Eliomys quercinus
Martes foina,Acomys cilicicus
Martes foina,Meriones crassus
Martes foina,Meriones dahli
Martes foina,Meriones libycus
Martes foina,Meriones meridianus
Martes foina,Meriones persicus
Martes foina,Apodemus agrarius
Martes foina,Meriones tamariscinus
Martes foina,Meriones tristrami
Martes foina,Meriones vinogradovi
Martes foina,Micromys minutus
Martes foina,Microtus agrestis
Martes foina,Microtus anatolicus
Martes foina,Apodemus alpicola
Martes foina,Microtus arvalis
Martes foina,Microtus bavaricus
Martes foina,Microtus brachycercus
Martes foina,Microtus cabrerae
Martes foina,Microtus daghestanicus
Martes foina,Microtus dogramacii
Martes foina,Microtus duodecimcostatus
Martes foina,Microtus felteni
Martes foina,Microtus gerbei
Martes foina,Apodemus epimelas
Martes foina,Microtus guentheri
Martes foina,Microtus levis
Martes foina,Microtus liechtensteini
Martes foina,Microtus lusitanicus
Martes foina,Microtus majori
Martes foina,Microtus multiplex
Martes foina,Microtus oeconomus
Martes foina,Microtus savii
Martes foina,Apodemus flavicollis
Martes foina,Microtus schidlovskii
Martes foina,Microtus socialis
Martes foina,Microtus subterraneus
Martes foina,Microtus tatricus
Martes foina,Microtus thomasi
Martes foina,Mus macedonicus
Martes foina,Mus musculus
Martes foina,Apodemus hyrcanicus
Martes foina,Mus spicilegus
Martes foina,Mus spretus
Martes foina,Muscardinus avellanarius
Martes foina,Myodes glareolus
Martes foina,Apodemus mystacinus
Martes foina,Myomimus roachi
Martes foina,Myomimus setzeri
Martes foina,Apodemus ponticus
Martes foina,Myotis daubentonii
Martes foina,Myotis myotis
Martes foina,Apodemus sylvaticus
Martes foina,Nyctalus lasiopterus
Martes foina,Nyctalus noctula
Martes foina,Acomys minous
Martes foina,Apodemus uralensis
Martes foina,Pipistrellus pipistrellus
Martes foina,Apodemus witherbyi
Martes foina,Prometheomys schaposchnikowi
Martes foina,Arvicola amphibius
Martes foina,Rhinolophus ferrumequinum
Martes foina,Arvicola sapidus
Martes foina,Sciurus anomalus
Martes foina,Sciurus vulgaris
Martes foina,Arvicola scherman
Martes foina,Sorex alpinus
Martes foina,Sorex antinorii
Martes foina,Sorex araneus
Martes foina,Sorex caecutiens
Martes foina,Sorex coronatus
Martes foina,Sorex granarius
Martes foina,Sorex isodon
Martes foina,Sorex minutissimus
Martes foina,Sorex minutus
Martes foina,Sorex raddei
Martes foina,Sorex samniticus
Martes foina,Sorex satunini
Martes foina,Sorex volnuchini
Martes foina,Barbastella barbastellus
Martes foina,Spermophilus citellus
Martes foina,Spermophilus fulvus
Martes foina,Spermophilus musicus
Martes foina,Spermophilus pygmaeus
Martes foina,Spermophilus taurensis
Martes foina,Spermophilus xanthoprymnus
Martes foina,Suncus etruscus
Martes foina,Talpa caeca
Martes foina,Talpa caucasica
Martes foina,Talpa davidiana
Martes foina,Talpa europaea
Martes foina,Talpa levantis
Martes foina,Talpa occidentalis
Martes foina,Talpa romana
Martes foina,Talpa stankovici
Martes foina,Vespertilio murinus
Martes foina,Cricetulus migratorius
Martes foina,Cricetus cricetus
Martes foina,Crocidura arispa
Martes foina,Crocidura armenica
Martes foina,Crocidura caspica
Martes foina,Crocidura leucodon
Martes foina,Crocidura russula
Martes foina,Crocidura serezkyensis
Martes foina,Crocidura sicula
Martes foina,Crocidura suaveolens
Martes foina,Crocidura zimmermanni
Martes foina,Desmana moschata
Martes foina,Dinaromys bogdanovi
Martes foina,Diplomesodon pulchellum
Martes foina,Dryomys laniger
Martes foina,Dryomys nitedula
Martes foina,Ellobius lutescens
Martes foina,Ellobius talpinus
Martes foina,Dipodillus dasyurus
Martes foina,Glis glis
Martes martes,Mustela nivalis
Martes martes,Erinaceus concolor
Martes martes,Erinaceus roumanicus
Martes martes,Hemiechinus auritus
Martes martes,Erinaceus europaeus
Martes martes,Atelerix algirus
Martes martes,Eliomys quercinus
Martes martes,Apodemus agrarius
Martes martes,Microtus agrestis
Martes martes,Microtus anatolicus
Martes martes,Apodemus alpicola
Martes martes,Microtus arvalis
Martes martes,Microtus bavaricus
Martes martes,Microtus brachycercus
Martes martes,Microtus cabrerae
Martes martes,Microtus daghestanicus
Martes martes,Microtus dogramacii
Martes martes,Microtus duodecimcostatus
Martes martes,Microtus felteni
Martes martes,Microtus gerbei
Martes martes,Microtus gregalis
Martes martes,Apodemus epimelas
Martes martes,Microtus guentheri
Martes martes,Microtus levis
Martes martes,Microtus liechtensteini
Martes martes,Microtus lusitanicus
Martes martes,Microtus majori
Martes martes,Microtus multiplex
Martes martes,Microtus oeconomus
Martes martes,Microtus savii
Martes martes,Apodemus flavicollis
Martes martes,Microtus schidlovskii
Martes martes,Microtus socialis
Martes martes,Microtus subterraneus
Martes martes,Microtus tatricus
Martes martes,Microtus thomasi
Martes martes,Muscardinus avellanarius
Martes martes,Myodes glareolus
Martes martes,Apodemus mystacinus
Martes martes,Myomimus roachi
Martes martes,Myomimus setzeri
Martes martes,Myotis brandtii
Martes martes,Apodemus ponticus
Martes martes,Myotis daubentonii
Martes martes,Apodemus sylvaticus
Martes martes,Nyctalus noctula
Martes martes,Apodemus uralensis
Martes martes,Apodemus witherbyi
Martes martes,Arvicola amphibius
Martes martes,Rhinolophus ferrumequinum
Martes martes,Arvicola sapidus
Martes martes,Sciurus anomalus
Martes martes,Sciurus vulgaris
Martes martes,Arvicola scherman
Martes martes,Sorex alpinus
Martes martes,Sorex antinorii
Martes martes,Sorex araneus
Martes martes,Sorex caecutiens
Martes martes,Sorex coronatus
Martes martes,Sorex granarius
Martes martes,Sorex isodon
Martes martes,Sorex minutissimus
Martes martes,Sorex minutus
Martes martes,Sorex raddei
Martes martes,Sorex samniticus
Martes martes,Sorex satunini
Martes martes,Sorex tundrensis
Martes martes,Sorex volnuchini
Martes martes,Suncus etruscus
Martes martes,Talpa caeca
Martes martes,Talpa caucasica
Martes martes,Talpa davidiana
Martes martes,Talpa europaea
Martes martes,Talpa levantis
Martes martes,Talpa occidentalis
Martes martes,Talpa romana
Martes martes,Talpa stankovici
Martes martes,Vespertilio murinus
Martes martes,Crocidura arispa
Martes martes,Crocidura armenica
Martes martes,Crocidura leucodon
Martes martes,Crocidura pachyura
Martes martes,Crocidura russula
Martes martes,Crocidura serezkyensis
Martes martes,Crocidura sicula
Martes martes,Crocidura suaveolens
Martes martes,Desmana moschata
Martes martes,Dryomys laniger
Martes martes,Dryomys nitedula
Martes martes,Eliomys melanurus
Martes martes,Glis glis
Martes zibellina,Mustela nivalis
Martes zibellina,Mustela erminea
Martes zibellina,Microtus gregalis
Martes zibellina,Microtus middendorffi
Martes zibellina,Microtus oeconomus
Martes zibellina,Myodes rufocanus
Martes zibellina,Myodes rutilus
Martes zibellina,Ochotona hyperborea
Martes zibellina,Sorex araneus
Martes zibellina,Sorex caecutiens
Martes zibellina,Sorex isodon
Martes zibellina,Sorex minutissimus
Martes zibellina,Sorex minutus
Martes zibellina,Sorex tundrensis
Meles leucurus,Micromys minutus
Meles leucurus,Microtus agrestis
Meles leucurus,Microtus arvalis
Meles leucurus,Microtus gregalis
Meles leucurus,Microtus levis
Meles leucurus,Microtus oeconomus
Meles leucurus,Microtus socialis
Meles leucurus,Myodes rufocanus
Meles leucurus,Ochotona hyperborea
Meles leucurus,Ochotona pusilla
Meles leucurus,Sorex araneus
Meles leucurus,Sorex caecutiens
Meles leucurus,Sorex isodon
Meles leucurus,Sorex minutissimus
Meles leucurus,Sorex minutus
Meles leucurus,Sorex tundrensis
Meles meles,Erinaceus concolor
Meles meles,Erinaceus roumanicus
Meles meles,Hemiechinus auritus
Meles meles,Erinaceus europaeus
Meles meles,Atelerix algirus
Meles meles,Acomys cilicicus
Meles meles,Allocricetulus eversmanni
Meles meles,Apodemus agrarius
Meles meles,Mesocricetus auratus
Meles meles,Mesocricetus brandti
Meles meles,Mesocricetus newtoni
Meles meles,Mesocricetus raddei
Meles meles,Micromys minutus
Meles meles,Microtus agrestis
Meles meles,Microtus anatolicus
Meles meles,Apodemus alpicola
Meles meles,Microtus arvalis
Meles meles,Microtus bavaricus
Meles meles,Microtus brachycercus
Meles meles,Microtus cabrerae
Meles meles,Microtus daghestanicus
Meles meles,Microtus dogramacii
Meles meles,Microtus duodecimcostatus
Meles meles,Microtus felteni
Meles meles,Microtus gerbei
Meles meles,Microtus gregalis
Meles meles,Apodemus epimelas
Meles meles,Microtus guentheri
Meles meles,Microtus levis
Meles meles,Microtus liechtensteini
Meles meles,Microtus lusitanicus
Meles meles,Microtus majori
Meles meles,Microtus multiplex
Meles meles,Microtus oeconomus
Meles meles,Microtus savii
Meles meles,Apodemus flavicollis
Meles meles,Microtus schidlovskii
Meles meles,Microtus socialis
Meles meles,Microtus subterraneus
Meles meles,Microtus tatricus
Meles meles,Microtus thomasi
Meles meles,Mus macedonicus
Meles meles,Mus musculus
Meles meles,Apodemus hyrcanicus
Meles meles,Mus spicilegus
Meles meles,Mus spretus
Meles meles,Myodes glareolus
Meles meles,Apodemus mystacinus
Meles meles,Myodes rufocanus
Meles meles,Myodes rutilus
Meles meles,Myopus schisticolor
Meles meles,Apodemus ponticus
Meles meles,Myotis myotis
Meles meles,Apodemus sylvaticus
Meles meles,Acomys minous
Meles meles,Apodemus uralensis
Meles meles,Apodemus witherbyi
Meles meles,Prometheomys schaposchnikowi
Meles meles,Arvicola amphibius
Meles meles,Arvicola sapidus
Meles meles,Arvicola scherman
Meles meles,Sorex alpinus
Meles meles,Sorex antinorii
Meles meles,Sorex araneus
Meles meles,Sorex caecutiens
Meles meles,Sorex coronatus
Meles meles,Sorex granarius
Meles meles,Sorex isodon
Meles meles,Sorex minutissimus
Meles meles,Sorex minutus
Meles meles,Sorex raddei
Meles meles,Sorex samniticus
Meles meles,Sorex satunini
Meles meles,Sorex volnuchini
Meles meles,Suncus etruscus
Meles meles,Talpa caeca
Meles meles,Talpa caucasica
Meles meles,Talpa davidiana
Meles meles,Talpa europaea
Meles meles,Talpa levantis
Meles meles,Talpa occidentalis
Meles meles,Talpa romana
Meles meles,Talpa stankovici
Meles meles,Chionomys gud
Meles meles,Chionomys nivalis
Meles meles,Chionomys roberti
Meles meles,Cricetulus migratorius
Meles meles,Cricetus cricetus
Meles meles,Crocidura arispa
Meles meles,Crocidura armenica
Meles meles,Crocidura caspica
Meles meles,Crocidura leucodon
Meles meles,Crocidura russula
Meles meles,Crocidura serezkyensis
Meles meles,Crocidura sicula
Meles meles,Crocidura suaveolens
Meles meles,Crocidura zimmermanni
Mustela erminea,Mustela nivalis
Mustela erminea,Eliomys quercinus
Mustela erminea,Lepus granatensis
Mustela erminea,Lepus timidus
Mustela erminea,Lepus tolai
Mustela erminea,Apodemus agrarius
Mustela erminea,Micromys minutus
Mustela erminea,Microtus agrestis
Mustela erminea,Apodemus alpicola
Mustela erminea,Microtus arvalis
Mustela erminea,Microtus bavaricus
Mustela erminea,Microtus cabrerae
Mustela erminea,Microtus duodecimcostatus
Mustela erminea,Microtus gerbei
Mustela erminea,Microtus gregalis
Mustela erminea,Apodemus epimelas
Mustela erminea,Microtus levis
Mustela erminea,Microtus liechtensteini
Mustela erminea,Microtus lusitanicus
Mustela erminea,Microtus middendorffi
Mustela erminea,Microtus multiplex
Mustela erminea,Microtus oeconomus
Mustela erminea,Microtus savii
Mustela erminea,Apodemus flavicollis
Mustela erminea,Microtus socialis
Mustela erminea,Microtus subterraneus
Mustela erminea,Microtus tatricus
Mustela erminea,Mus musculus
Mustela erminea,Mus spicilegus
Mustela erminea,Mus spretus
Mustela erminea,Myodes glareolus
Mustela erminea,Myodes rufocanus
Mustela erminea,Myodes rutilus
Mustela erminea,Myopus schisticolor
Mustela erminea,Apodemus sylvaticus
Mustela erminea,Apodemus uralensis
Mustela erminea,Apodemus witherbyi
Mustela erminea,Arvicola amphibius
Mustela erminea,Arvicola sapidus
Mustela erminea,Arvicola scherman
Mustela erminea,Sorex alpinus
Mustela erminea,Sorex antinorii
Mustela erminea,Sorex araneus
Mustela erminea,Sorex caecutiens
Mustela erminea,Sorex coronatus
Mustela erminea,Sorex granarius
Mustela erminea,Sorex isodon
Mustela erminea,Sorex minutissimus
Mustela erminea,Sorex minutus
Mustela erminea,Sorex samniticus
Mustela erminea,Sorex tundrensis
Mustela erminea,Chionomys nivalis
Mustela erminea,Dicrostonyx torquatus
Mustela erminea,Lagurus lagurus
Mustela erminea,Lemmus lemmus
Mustela erminea,Lemmus sibiricus
Mustela erminea,Lepus castroviejoi
Mustela erminea,Lepus europaeus
Mustela eversmanii,Mustela nivalis
Mustela eversmanii,Allocricetulus eversmanni
Mustela eversmanii,Marmota baibacina
Mustela eversmanii,Marmota bobak
Mustela eversmanii,Meriones libycus
Mustela eversmanii,Meriones meridianus
Mustela eversmanii,Meriones tamariscinus
Mustela eversmanii,Mesocricetus brandti
Mustela eversmanii,Mesocricetus newtoni
Mustela eversmanii,Mesocricetus raddei
Mustela eversmanii,Micromys minutus
Mustela eversmanii,Microtus agrestis
Mustela eversmanii,Microtus arvalis
Mustela eversmanii,Microtus daghestanicus
Mustela eversmanii,Microtus gregalis
Mustela eversmanii,Microtus levis
Mustela eversmanii,Microtus majori
Mustela eversmanii,Microtus oeconomus
Mustela eversmanii,Apodemus flavicollis
Mustela eversmanii,Microtus socialis
Mustela eversmanii,Microtus subterraneus
Mustela eversmanii,Microtus tatricus
Mustela eversmanii,Mus macedonicus
Mustela eversmanii,Mus musculus
Mustela eversmanii,Mus spicilegus
Mustela eversmanii,Myodes glareolus
Mustela eversmanii,Apodemus mystacinus
Mustela eversmanii,Myodes rufocanus
Mustela eversmanii,Myodes rutilus
Mustela eversmanii,Myopus schisticolor
Mustela eversmanii,Apodemus ponticus
Mustela eversmanii,Apodemus sylvaticus
Mustela eversmanii,Apodemus uralensis
Mustela eversmanii,Ochotona pusilla
Mustela eversmanii,Apodemus witherbyi
Mustela eversmanii,Prometheomys schaposchnikowi
Mustela eversmanii,Pygeretmus platyurus
Mustela eversmanii,Pygeretmus pumilio
Mustela eversmanii,Rhombomys opimus
Mustela eversmanii,Sicista betulina
Mustela eversmanii,Sicista caucasica
Mustela eversmanii,Sicista kazbegica
Mustela eversmanii,Sicista kluchorica
Mustela eversmanii,Sicista severtzovi
Mustela eversmanii,Sicista strandi
Mustela eversmanii,Sicista subtilis
Mustela eversmanii,Sorex alpinus
Mustela eversmanii,Sorex araneus
Mustela eversmanii,Sorex caecutiens
Mustela eversmanii,Sorex isodon
Mustela eversmanii,Sorex minutissimus
Mustela eversmanii,Sorex minutus
Mustela eversmanii,Sorex raddei
Mustela eversmanii,Sorex satunini
Mustela eversmanii,Sorex tundrensis
Mustela eversmanii,Sorex volnuchini
Mustela eversmanii,Spermophilus citellus
Mustela eversmanii,Spermophilus fulvus
Mustela eversmanii,Spermophilus major
Mustela eversmanii,Spermophilus musicus
Mustela eversmanii,Spermophilus pygmaeus
Mustela eversmanii,Stylodipus telum
Mustela eversmanii,Cricetulus migratorius
Mustela eversmanii,Cricetus cricetus
Mustela eversmanii,Allactaga elater
Mustela eversmanii,Crocidura leucodon
Mustela eversmanii,Crocidura suaveolens
Mustela eversmanii,Diplomesodon pulchellum
Mustela eversmanii,Dipus sagitta
Mustela eversmanii,Allactaga major
Mustela eversmanii,Allactaga sibirica
Mustela eversmanii,Lepus europaeus
Mustela lutreola,Mustela nivalis
Mustela lutreola,Microtus agrestis
Mustela lutreola,Microtus arvalis
Mustela lutreola,Microtus cabrerae
Mustela lutreola,Microtus duodecimcostatus
Mustela lutreola,Microtus gerbei
Mustela lutreola,Microtus gregalis
Mustela lutreola,Microtus levis
Mustela lutreola,Microtus lusitanicus
Mustela lutreola,Microtus oeconomus
Mustela lutreola,Apodemus flavicollis
Mustela lutreola,Microtus subterraneus
Mustela lutreola,Apodemus sylvaticus
Mustela lutreola,Apodemus uralensis
Mustela lutreola,Arvicola amphibius
Mustela lutreola,Arvicola sapidus
Mustela lutreola,Sorex araneus
Mustela lutreola,Sorex caecutiens
Mustela lutreola,Sorex coronatus
Mustela lutreola,Sorex isodon
Mustela lutreola,Sorex minutissimus
Mustela lutreola,Sorex minutus
Mustela lutreola,Suncus etruscus
Mustela lutreola,Crocidura leucodon
Mustela lutreola,Crocidura russula
Mustela lutreola,Crocidura suaveolens
Mustela lutreola,Desmana moschata
Mustela nivalis,Eliomys quercinus
Mustela nivalis,Acomys cilicicus
Mustela nivalis,Allocricetulus eversmanni
Mustela nivalis,Lepus granatensis
Mustela nivalis,Lepus tolai
Mustela nivalis,Meriones crassus
Mustela nivalis,Meriones dahli
Mustela nivalis,Meriones libycus
Mustela nivalis,Meriones meridianus
Mustela nivalis,Meriones persicus
Mustela nivalis,Apodemus agrarius
Mustela nivalis,Meriones tamariscinus
Mustela nivalis,Meriones tristrami
Mustela nivalis,Meriones vinogradovi
Mustela nivalis,Mesocricetus auratus
Mustela nivalis,Mesocricetus brandti
Mustela nivalis,Mesocricetus newtoni
Mustela nivalis,Mesocricetus raddei
Mustela nivalis,Micromys minutus
Mustela nivalis,Microtus agrestis
Mustela nivalis,Microtus anatolicus
Mustela nivalis,Apodemus alpicola
Mustela nivalis,Microtus arvalis
Mustela nivalis,Microtus bavaricus
Mustela nivalis,Microtus brachycercus
Mustela nivalis,Microtus cabrerae
Mustela nivalis,Microtus daghestanicus
Mustela nivalis,Microtus dogramacii
Mustela nivalis,Microtus duodecimcostatus
Mustela nivalis,Microtus felteni
Mustela nivalis,Microtus gerbei
Mustela nivalis,Microtus gregalis
Mustela nivalis,Apodemus epimelas
Mustela nivalis,Microtus guentheri
Mustela nivalis,Microtus levis
Mustela nivalis,Microtus liechtensteini
Mustela nivalis,Microtus lusitanicus
Mustela nivalis,Microtus majori
Mustela nivalis,Microtus middendorffi
Mustela nivalis,Microtus multiplex
Mustela nivalis,Microtus oeconomus
Mustela nivalis,Microtus savii
Mustela nivalis,Apodemus flavicollis
Mustela nivalis,Microtus schidlovskii
Mustela nivalis,Microtus socialis
Mustela nivalis,Microtus subterraneus
Mustela nivalis,Microtus tatricus
Mustela nivalis,Microtus thomasi
Mustela nivalis,Mus macedonicus
Mustela nivalis,Mus musculus
Mustela nivalis,Apodemus hyrcanicus
Mustela nivalis,Mus spicilegus
Mustela nivalis,Mus spretus
Mustela nivalis,Muscardinus avellanarius
Mustela nivalis,Myodes glareolus
Mustela nivalis,Apodemus mystacinus
Mustela nivalis,Myodes rufocanus
Mustela nivalis,Myodes rutilus
Mustela nivalis,Myomimus roachi
Mustela nivalis,Myomimus setzeri
Mustela nivalis,Myopus schisticolor
Mustela nivalis,Apodemus ponticus
Mustela nivalis,Apodemus sylvaticus
Mustela nivalis,Ochotona hyperborea
Mustela nivalis,Acomys minous
Mustela nivalis,Apodemus uralensis
Mustela nivalis,Ochotona pusilla
Mustela nivalis,Oryctolagus cuniculus
Mustela nivalis,Apodemus witherbyi
Mustela nivalis,Prometheomys schaposchnikowi
Mustela nivalis,Pygeretmus platyurus
Mustela nivalis,Arvicola amphibius
Mustela nivalis,Pygeretmus pumilio
Mustela nivalis,Rhombomys opimus
Mustela nivalis,Arvicola sapidus
Mustela nivalis,Sicista armenica
Mustela nivalis,Sicista betulina
Mustela nivalis,Sicista caucasica
Mustela nivalis,Sicista kazbegica
Mustela nivalis,Arvicola scherman
Mustela nivalis,Sicista kluchorica
Mustela nivalis,Sicista severtzovi
Mustela nivalis,Sicista strandi
Mustela nivalis,Sicista subtilis
Mustela nivalis,Sorex alpinus
Mustela nivalis,Sorex antinorii
Mustela nivalis,Sorex araneus
Mustela nivalis,Sorex caecutiens
Mustela nivalis,Sorex coronatus
Mustela nivalis,Sorex granarius
Mustela nivalis,Sorex isodon
Mustela nivalis,Sorex minutissimus
Mustela nivalis,Sorex minutus
Mustela nivalis,Sorex raddei
Mustela nivalis,Sorex samniticus
Mustela nivalis,Sorex satunini
Mustela nivalis,Sorex tundrensis
Mustela nivalis,Sorex volnuchini
Mustela nivalis,Spermophilus citellus
Mustela nivalis,Spermophilus fulvus
Mustela nivalis,Spermophilus major
Mustela nivalis,Spermophilus musicus
Mustela nivalis,Spermophilus pygmaeus
Mustela nivalis,Spermophilus taurensis
Mustela nivalis,Spermophilus xanthoprymnus
Mustela nivalis,Stylodipus telum
Mustela nivalis,Suncus etruscus
Mustela nivalis,Talpa caeca
Mustela nivalis,Talpa caucasica
Mustela nivalis,Talpa davidiana
Mustela nivalis,Talpa europaea
Mustela nivalis,Talpa levantis
Mustela nivalis,Talpa occidentalis
Mustela nivalis,Talpa romana
Mustela nivalis,Talpa stankovici
Mustela nivalis,Tatera indica
Mustela nivalis,Calomyscus urartensis
Mustela nivalis,Chionomys gud
Mustela nivalis,Chionomys nivalis
Mustela nivalis,Chionomys roberti
Mustela nivalis,Cricetulus migratorius
Mustela nivalis,Cricetus cricetus
Mustela nivalis,Crocidura arispa
Mustela nivalis,Crocidura armenica
Mustela nivalis,Allactaga elater
Mustela nivalis,Crocidura caspica
Mustela nivalis,Crocidura leucodon
Mustela nivalis,Crocidura pachyura
Mustela nivalis,Crocidura russula
Mustela nivalis,Crocidura serezkyensis
Mustela nivalis,Crocidura sicula
Mustela nivalis,Crocidura suaveolens
Mustela nivalis,Crocidura zimmermanni
Mustela nivalis,Allactaga euphratica
Mustela nivalis,Dicrostonyx torquatus
Mustela nivalis,Dinaromys bogdanovi
Mustela nivalis,Diplomesodon pulchellum
Mustela nivalis,Dipus sagitta
Mustela nivalis,Dryomys laniger
Mustela nivalis,Dryomys nitedula
Mustela nivalis,Eliomys melanurus
Mustela nivalis,Ellobius lutescens
Mustela nivalis,Allactaga major
Mustela nivalis,Ellobius talpinus
Mustela nivalis,Allactaga sibirica
Mustela nivalis,Dipodillus dasyurus
Mustela nivalis,Glis glis
Mustela nivalis,Allactaga williamsi
Mustela nivalis,Lagurus lagurus
Mustela nivalis,Lemmus lemmus
Mustela nivalis,Lemmus sibiricus
Mustela nivalis,Lepus capensis
Mustela nivalis,Lepus castroviejoi
Mustela nivalis,Lepus corsicanus
Mustela putorius,Erinaceus roumanicus
Mustela putorius,Erinaceus europaeus
Mustela putorius,Mustela lutreola
Mustela putorius,Apodemus agrarius
Mustela putorius,Micromys minutus
Mustela putorius,Microtus agrestis
Mustela putorius,Apodemus alpicola
Mustela putorius,Microtus arvalis
Mustela putorius,Microtus bavaricus
Mustela putorius,Microtus brachycercus
Mustela putorius,Microtus cabrerae
Mustela putorius,Microtus duodecimcostatus
Mustela putorius,Microtus felteni
Mustela putorius,Microtus gerbei
Mustela putorius,Microtus gregalis
Mustela putorius,Apodemus epimelas
Mustela putorius,Microtus guentheri
Mustela putorius,Microtus levis
Mustela putorius,Microtus liechtensteini
Mustela putorius,Microtus lusitanicus
Mustela putorius,Microtus multiplex
Mustela putorius,Microtus oeconomus
Mustela putorius,Microtus savii
Mustela putorius,Apodemus flavicollis
Mustela putorius,Microtus subterraneus
Mustela putorius,Microtus tatricus
Mustela putorius,Microtus thomasi
Mustela putorius,Mus macedonicus
Mustela putorius,Mus musculus
Mustela putorius,Mus spicilegus
Mustela putorius,Mus spretus
Mustela putorius,Apodemus sylvaticus
Mustela putorius,Apodemus uralensis
Mustela putorius,Arvicola amphibius
Mustela putorius,Arvicola sapidus
Mustela putorius,Arvicola scherman
Mustela putorius,Sorex alpinus
Mustela putorius,Sorex antinorii
Mustela putorius,Sorex araneus
Mustela putorius,Sorex caecutiens
Mustela putorius,Sorex coronatus
Mustela putorius,Sorex granarius
Mustela putorius,Sorex isodon
Mustela putorius,Sorex minutissimus
Mustela putorius,Sorex minutus
Mustela putorius,Sorex samniticus
Mustela putorius,Sorex tundrensis
Mustela putorius,Suncus etruscus
Mustela putorius,Crocidura leucodon
Mustela putorius,Crocidura russula
Mustela putorius,Crocidura sicula
Mustela putorius,Crocidura suaveolens
Mustela putorius,Desmana moschata
Mustela sibirica,Apodemus agrarius
Mustela sibirica,Micromys minutus
Mustela sibirica,Microtus agrestis
Mustela sibirica,Microtus oeconomus
Mustela sibirica,Mus musculus
Mustela sibirica,Myodes glareolus
Mustela sibirica,Myodes rufocanus
Mustela sibirica,Myodes rutilus
Mustela sibirica,Myopus schisticolor
Mustela sibirica,Ochotona hyperborea
Mustela sibirica,Apodemus uralensis
Mustela sibirica,Arvicola amphibius
Mustela sibirica,Sorex araneus
Mustela sibirica,Sorex caecutiens
Mustela sibirica,Sorex isodon
Mustela sibirica,Sorex minutissimus
Mustela sibirica,Sorex minutus
Mustela sibirica,Sorex tundrensis
Mustela sibirica,Cricetus cricetus
Panthera pardus,Sus scrofa
Panthera pardus,Ovis aries
Panthera pardus,Capra caucasica
Panthera pardus,Capreolus capreolus
Panthera pardus,Cervus elaphus
Panthera pardus,Dama dama
Panthera pardus,Gazella subgutturosa
Panthera pardus,Lepus europaeus
Sus scrofa,Allocricetulus eversmanni
Sus scrofa,Apodemus agrarius
Sus scrofa,Mesocricetus auratus
Sus scrofa,Mesocricetus brandti
Sus scrofa,Mesocricetus newtoni
Sus scrofa,Mesocricetus raddei
Sus scrofa,Micromys minutus
Sus scrofa,Microtus agrestis
Sus scrofa,Microtus anatolicus
Sus scrofa,Apodemus alpicola
Sus scrofa,Microtus arvalis
Sus scrofa,Microtus bavaricus
Sus scrofa,Microtus brachycercus
Sus scrofa,Microtus cabrerae
Sus scrofa,Microtus daghestanicus
Sus scrofa,Microtus dogramacii
Sus scrofa,Microtus duodecimcostatus
Sus scrofa,Microtus felteni
Sus scrofa,Microtus gerbei
Sus scrofa,Microtus gregalis
Sus scrofa,Apodemus epimelas
Sus scrofa,Microtus guentheri
Sus scrofa,Microtus levis
Sus scrofa,Microtus liechtensteini
Sus scrofa,Microtus lusitanicus
Sus scrofa,Microtus majori
Sus scrofa,Microtus multiplex
Sus scrofa,Microtus oeconomus
Sus scrofa,Microtus savii
Sus scrofa,Apodemus flavicollis
Sus scrofa,Microtus schidlovskii
Sus scrofa,Microtus socialis
Sus scrofa,Microtus subterraneus
Sus scrofa,Microtus tatricus
Sus scrofa,Microtus thomasi
Sus scrofa,Mus macedonicus
Sus scrofa,Mus musculus
Sus scrofa,Apodemus hyrcanicus
Sus scrofa,Mus spicilegus
Sus scrofa,Mus spretus
Sus scrofa,Myodes glareolus
Sus scrofa,Apodemus mystacinus
Sus scrofa,Myodes rufocanus
Sus scrofa,Myodes rutilus
Sus scrofa,Myopus schisticolor
Sus scrofa,Apodemus ponticus
Sus scrofa,Apodemus sylvaticus
Sus scrofa,Apodemus uralensis
Sus scrofa,Apodemus witherbyi
Sus scrofa,Prometheomys schaposchnikowi
Sus scrofa,Pygeretmus platyurus
Sus scrofa,Arvicola amphibius
Sus scrofa,Pygeretmus pumilio
Sus scrofa,Arvicola sapidus
Sus scrofa,Sicista armenica
Sus scrofa,Sicista betulina
Sus scrofa,Sicista caucasica
Sus scrofa,Sicista kazbegica
Sus scrofa,Arvicola scherman
Sus scrofa,Sicista kluchorica
Sus scrofa,Sicista severtzovi
Sus scrofa,Sicista strandi
Sus scrofa,Sicista subtilis
Sus scrofa,Sorex alpinus
Sus scrofa,Sorex antinorii
Sus scrofa,Sorex araneus
Sus scrofa,Sorex caecutiens
Sus scrofa,Sorex coronatus
Sus scrofa,Sorex granarius
Sus scrofa,Sorex isodon
Sus scrofa,Sorex minutissimus
Sus scrofa,Sorex minutus
Sus scrofa,Sorex raddei
Sus scrofa,Sorex samniticus
Sus scrofa,Sorex satunini
Sus scrofa,Sorex tundrensis
Sus scrofa,Sorex volnuchini
Sus scrofa,Stylodipus telum
Sus scrofa,Suncus etruscus
Sus scrofa,Talpa caeca
Sus scrofa,Talpa caucasica
Sus scrofa,Talpa davidiana
Sus scrofa,Talpa europaea
Sus scrofa,Talpa levantis
Sus scrofa,Talpa occidentalis
Sus scrofa,Talpa romana
Sus scrofa,Talpa stankovici
Sus scrofa,Chionomys gud
Sus scrofa,Chionomys nivalis
Sus scrofa,Chionomys roberti
Sus scrofa,Cricetulus migratorius
Sus scrofa,Cricetus cricetus
Sus scrofa,Crocidura arispa
Sus scrofa,Crocidura armenica
Sus scrofa,Allactaga elater
Sus scrofa,Crocidura caspica
Sus scrofa,Crocidura leucodon
Sus scrofa,Crocidura pachyura
Sus scrofa,Crocidura russula
Sus scrofa,Crocidura serezkyensis
Sus scrofa,Crocidura sicula
Sus scrofa,Crocidura suaveolens
Sus scrofa,Allactaga euphratica
Sus scrofa,Desmana moschata
Sus scrofa,Dinaromys bogdanovi
Sus scrofa,Diplomesodon pulchellum
Sus scrofa,Dipus sagitta
Sus scrofa,Ellobius lutescens
Sus scrofa,Allactaga major
Sus scrofa,Ellobius talpinus
Sus scrofa,Allactaga sibirica
Sus scrofa,Allactaga williamsi
Sus scrofa,Lagurus lagurus
Ursus arctos,Sus scrofa
Ursus arctos,Marmota marmota
Ursus arctos,Apodemus agrarius
Ursus arctos,Mesocricetus brandti
Ursus arctos,Mesocricetus raddei
Ursus arctos,Micromys minutus
Ursus arctos,Microtus agrestis
Ursus arctos,Microtus anatolicus
Ursus arctos,Apodemus alpicola
Ursus arctos,Microtus arvalis
Ursus arctos,Microtus cabrerae
Ursus arctos,Microtus daghestanicus
Ursus arctos,Microtus dogramacii
Ursus arctos,Microtus duodecimcostatus
Ursus arctos,Microtus felteni
Ursus arctos,Microtus gerbei
Ursus arctos,Microtus gregalis
Ursus arctos,Apodemus epimelas
Ursus arctos,Microtus guentheri
Ursus arctos,Microtus levis
Ursus arctos,Microtus liechtensteini
Ursus arctos,Microtus lusitanicus
Ursus arctos,Microtus majori
Ursus arctos,Microtus middendorffi
Ursus arctos,Microtus multiplex
Ursus arctos,Microtus oeconomus
Ursus arctos,Microtus savii
Ursus arctos,Apodemus flavicollis
Ursus arctos,Microtus schidlovskii
Ursus arctos,Microtus socialis
Ursus arctos,Microtus subterraneus
Ursus arctos,Microtus tatricus
Ursus arctos,Microtus thomasi
Ursus arctos,Mus macedonicus
Ursus arctos,Mus musculus
Ursus arctos,Mus spicilegus
Ursus arctos,Mus spretus
Ursus arctos,Myodes glareolus
Ursus arctos,Apodemus mystacinus
Ursus arctos,Myodes rufocanus
Ursus arctos,Myodes rutilus
Ursus arctos,Myopus schisticolor
Ursus arctos,Apodemus ponticus
Ursus arctos,Apodemus sylvaticus
Ursus arctos,Apodemus uralensis
Ursus arctos,Ovis aries
Ursus arctos,Prometheomys schaposchnikowi
Ursus arctos,Arvicola amphibius
Ursus arctos,Rangifer tarandus
Ursus arctos,Arvicola sapidus
Ursus arctos,Rupicapra pyrenaica
Ursus arctos,Rupicapra rupicapra
Ursus arctos,Arvicola scherman
Ursus arctos,Spalax ehrenbergi
Ursus arctos,Spalax giganteus
Ursus arctos,Spalax graecus
Ursus arctos,Spalax leucodon
Ursus arctos,Spalax microphthalmus
Ursus arctos,Spalax nehringi
Ursus arctos,Spermophilus citellus
Ursus arctos,Spermophilus major
Ursus arctos,Spermophilus musicus
Ursus arctos,Spermophilus pygmaeus
Ursus arctos,Spermophilus taurensis
Ursus arctos,Spermophilus xanthoprymnus
Ursus arctos,Bison bonasus
Ursus arctos,Tamias sibiricus
Ursus arctos,Tatera indica
Ursus arctos,Capra hircus
Ursus arctos,Capra caucasica
Ursus arctos,Capra ibex
Ursus arctos,Capra pyrenaica
Ursus arctos,Capreolus capreolus
Ursus arctos,Capreolus pygargus
Ursus arctos,Alces alces
Ursus arctos,Cervus elaphus
Ursus arctos,Chionomys gud
Ursus arctos,Chionomys nivalis
Ursus arctos,Chionomys roberti
Ursus arctos,Cricetulus migratorius
Ursus arctos,Cricetus cricetus
Ursus arctos,Dama dama
Ursus arctos,Dicrostonyx torquatus
Ursus arctos,Dinaromys bogdanovi
Ursus arctos,Ellobius lutescens
Ursus arctos,Ellobius talpinus
Ursus arctos,Gazella subgutturosa
Ursus arctos,Lagurus lagurus
Ursus arctos,Lemmus lemmus
Ursus arctos,Lemmus sibiricus
Ursus maritimus,Vulpes lagopus
Ursus maritimus,Rangifer tarandus
Vormela peregusna,Allocricetulus eversmanni
Vormela peregusna,Meriones crassus
Vormela peregusna,Meriones libycus
Vormela peregusna,Meriones meridianus
Vormela peregusna,Meriones persicus
Vormela peregusna,Apodemus agrarius
Vormela peregusna,Meriones tamariscinus
Vormela peregusna,Meriones tristrami
Vormela peregusna,Meriones vinogradovi
Vormela peregusna,Mesocricetus auratus
Vormela peregusna,Mesocricetus brandti
Vormela peregusna,Mesocricetus newtoni
Vormela peregusna,Mesocricetus raddei
Vormela peregusna,Micromys minutus
Vormela peregusna,Microtus agrestis
Vormela peregusna,Microtus anatolicus
Vormela peregusna,Microtus arvalis
Vormela peregusna,Microtus daghestanicus
Vormela peregusna,Microtus dogramacii
Vormela peregusna,Microtus felteni
Vormela peregusna,Apodemus epimelas
Vormela peregusna,Microtus guentheri
Vormela peregusna,Microtus levis
Vormela peregusna,Microtus majori
Vormela peregusna,Apodemus flavicollis
Vormela peregusna,Microtus socialis
Vormela peregusna,Microtus subterraneus
Vormela peregusna,Microtus thomasi
Vormela peregusna,Mus macedonicus
Vormela peregusna,Mus musculus
Vormela peregusna,Apodemus hyrcanicus
Vormela peregusna,Mus spicilegus
Vormela peregusna,Muscardinus avellanarius
Vormela peregusna,Myodes glareolus
Vormela peregusna,Apodemus mystacinus
Vormela peregusna,Myomimus roachi
Vormela peregusna,Myomimus setzeri
Vormela peregusna,Apodemus ponticus
Vormela peregusna,Apodemus sylvaticus
Vormela peregusna,Apodemus uralensis
Vormela peregusna,Apodemus witherbyi
Vormela peregusna,Prometheomys schaposchnikowi
Vormela peregusna,Pygeretmus platyurus
Vormela peregusna,Arvicola amphibius
Vormela peregusna,Pygeretmus pumilio
Vormela peregusna,Rhombomys opimus
Vormela peregusna,Sicista caucasica
Vormela peregusna,Sicista kazbegica
Vormela peregusna,Sicista kluchorica
Vormela peregusna,Sicista severtzovi
Vormela peregusna,Sicista strandi
Vormela peregusna,Sicista subtilis
Vormela peregusna,Spalax ehrenbergi
Vormela peregusna,Spalax giganteus
Vormela peregusna,Spalax graecus
Vormela peregusna,Spalax leucodon
Vormela peregusna,Spalax microphthalmus
Vormela peregusna,Spalax nehringi
Vormela peregusna,Spalax uralensis
Vormela peregusna,Spermophilus citellus
Vormela peregusna,Spermophilus fulvus
Vormela peregusna,Spermophilus musicus
Vormela peregusna,Spermophilus pygmaeus
Vormela peregusna,Spermophilus taurensis
Vormela peregusna,Spermophilus xanthoprymnus
Vormela peregusna,Stylodipus telum
Vormela peregusna,Tatera indica
Vormela peregusna,Chionomys gud
Vormela peregusna,Chionomys nivalis
Vormela peregusna,Chionomys roberti
Vormela peregusna,Cricetulus migratorius
Vormela peregusna,Cricetus cricetus
Vormela peregusna,Allactaga elater
Vormela peregusna,Allactaga euphratica
Vormela peregusna,Dinaromys bogdanovi
Vormela peregusna,Dipus sagitta
Vormela peregusna,Dryomys laniger
Vormela peregusna,Dryomys nitedula
Vormela peregusna,Eliomys melanurus
Vormela peregusna,Ellobius lutescens
Vormela peregusna,Allactaga major
Vormela peregusna,Ellobius talpinus
Vormela peregusna,Allactaga sibirica
Vormela peregusna,Dipodillus dasyurus
Vormela peregusna,Glis glis
Vormela peregusna,Allactaga williamsi
Vormela peregusna,Hystrix indica
Vormela peregusna,Lagurus lagurus
Vulpes corsac,Erinaceus roumanicus
Vulpes corsac,Hemiechinus auritus
Vulpes corsac,Eliomys quercinus
Vulpes corsac,Allocricetulus eversmanni
Vulpes corsac,Lepus timidus
Vulpes corsac,Lepus tolai
Vulpes corsac,Meriones libycus
Vulpes corsac,Meriones meridianus
Vulpes corsac,Apodemus agrarius
Vulpes corsac,Meriones tamariscinus
Vulpes corsac,Mesocricetus raddei
Vulpes corsac,Micromys minutus
Vulpes corsac,Microtus agrestis
Vulpes corsac,Microtus arvalis
Vulpes corsac,Microtus gregalis
Vulpes corsac,Microtus levis
Vulpes corsac,Microtus oeconomus
Vulpes corsac,Apodemus flavicollis
Vulpes corsac,Microtus socialis
Vulpes corsac,Mus musculus
Vulpes corsac,Myodes glareolus
Vulpes corsac,Myodes rufocanus
Vulpes corsac,Myodes rutilus
Vulpes corsac,Apodemus uralensis
Vulpes corsac,Ochotona pusilla
Vulpes corsac,Pygeretmus platyurus
Vulpes corsac,Arvicola amphibius
Vulpes corsac,Pygeretmus pumilio
Vulpes corsac,Rhombomys opimus
Vulpes corsac,Sicista betulina
Vulpes corsac,Sicista severtzovi
Vulpes corsac,Sicista strandi
Vulpes corsac,Sicista subtilis
Vulpes corsac,Sorex araneus
Vulpes corsac,Sorex caecutiens
Vulpes corsac,Sorex isodon
Vulpes corsac,Sorex minutissimus
Vulpes corsac,Sorex minutus
Vulpes corsac,Sorex tundrensis
Vulpes corsac,Spalax giganteus
Vulpes corsac,Spalax microphthalmus
Vulpes corsac,Spalax uralensis
Vulpes corsac,Spermophilus fulvus
Vulpes corsac,Spermophilus major
Vulpes corsac,Spermophilus pygmaeus
Vulpes corsac,Stylodipus telum
Vulpes corsac,Talpa europaea
Vulpes corsac,Tamias sibiricus
Vulpes corsac,Cricetulus migratorius
Vulpes corsac,Cricetus cricetus
Vulpes corsac,Allactaga elater
Vulpes corsac,Crocidura leucodon
Vulpes corsac,Crocidura suaveolens
Vulpes corsac,Desmana moschata
Vulpes corsac,Diplomesodon pulchellum
Vulpes corsac,Dipus sagitta
Vulpes corsac,Dryomys nitedula
Vulpes corsac,Allactaga major
Vulpes corsac,Ellobius talpinus
Vulpes corsac,Allactaga sibirica
Vulpes corsac,Glis glis
Vulpes corsac,Lagurus lagurus
Vulpes corsac,Lepus europaeus
Vulpes lagopus,Lepus timidus
Vulpes lagopus,Microtus agrestis
Vulpes lagopus,Microtus gregalis
Vulpes lagopus,Microtus middendorffi
Vulpes lagopus,Microtus oeconomus
Vulpes lagopus,Myodes glareolus
Vulpes lagopus,Myodes rufocanus
Vulpes lagopus,Myodes rutilus
Vulpes lagopus,Myopus schisticolor
Vulpes lagopus,Sorex araneus
Vulpes lagopus,Sorex caecutiens
Vulpes lagopus,Sorex isodon
Vulpes lagopus,Sorex minutissimus
Vulpes lagopus,Sorex minutus
Vulpes lagopus,Sorex tundrensis
Vulpes lagopus,Dicrostonyx torquatus
Vulpes lagopus,Lemmus lemmus
Vulpes lagopus,Lemmus sibiricus
Vulpes vulpes,Martes foina
Vulpes vulpes,Mustela nivalis
Vulpes vulpes,Erinaceus concolor
Vulpes vulpes,Mustela eversmanii
Vulpes vulpes,Vormela peregusna
Vulpes vulpes,Vulpes corsac
Vulpes vulpes,Erinaceus roumanicus
Vulpes vulpes,Hemiechinus auritus
Vulpes vulpes,Mustela erminea
Vulpes vulpes,Vulpes lagopus
Vulpes vulpes,Mustela putorius
Vulpes vulpes,Mustela sibirica
Vulpes vulpes,Erinaceus europaeus
Vulpes vulpes,Mustela lutreola
Vulpes vulpes,Atelerix algirus
Vulpes vulpes,Martes zibellina
Vulpes vulpes,Eliomys quercinus
Vulpes vulpes,Acomys cilicicus
Vulpes vulpes,Allocricetulus eversmanni
Vulpes vulpes,Lepus granatensis
Vulpes vulpes,Lepus timidus
Vulpes vulpes,Lepus tolai
Vulpes vulpes,Marmota baibacina
Vulpes vulpes,Marmota bobak
Vulpes vulpes,Marmota marmota
Vulpes vulpes,Meriones crassus
Vulpes vulpes,Meriones dahli
Vulpes vulpes,Meriones libycus
Vulpes vulpes,Meriones meridianus
Vulpes vulpes,Meriones persicus
Vulpes vulpes,Apodemus agrarius
Vulpes vulpes,Meriones tamariscinus
Vulpes vulpes,Meriones tristrami
Vulpes vulpes,Meriones vinogradovi
Vulpes vulpes,Mesocricetus auratus
Vulpes vulpes,Mesocricetus brandti
Vulpes vulpes,Mesocricetus newtoni
Vulpes vulpes,Mesocricetus raddei
Vulpes vulpes,Micromys minutus
Vulpes vulpes,Microtus agrestis
Vulpes vulpes,Microtus anatolicus
Vulpes vulpes,Apodemus alpicola
Vulpes vulpes,Microtus arvalis
Vulpes vulpes,Microtus bavaricus
Vulpes vulpes,Microtus brachycercus
Vulpes vulpes,Microtus cabrerae
Vulpes vulpes,Microtus daghestanicus
Vulpes vulpes,Microtus dogramacii
Vulpes vulpes,Microtus duodecimcostatus
Vulpes vulpes,Microtus felteni
Vulpes vulpes,Microtus gerbei
Vulpes vulpes,Microtus gregalis
Vulpes vulpes,Apodemus epimelas
Vulpes vulpes,Microtus guentheri
Vulpes vulpes,Microtus levis
Vulpes vulpes,Microtus liechtensteini
Vulpes vulpes,Microtus lusitanicus
Vulpes vulpes,Microtus majori
Vulpes vulpes,Microtus middendorffi
Vulpes vulpes,Microtus multiplex
Vulpes vulpes,Microtus oeconomus
Vulpes vulpes,Microtus savii
Vulpes vulpes,Apodemus flavicollis
Vulpes vulpes,Microtus schidlovskii
Vulpes vulpes,Microtus socialis
Vulpes vulpes,Microtus subterraneus
Vulpes vulpes,Microtus tatricus
Vulpes vulpes,Microtus thomasi
Vulpes vulpes,Mus cypriacus
Vulpes vulpes,Mus macedonicus
Vulpes vulpes,Mus musculus
Vulpes vulpes,Apodemus hyrcanicus
Vulpes vulpes,Mus spicilegus
Vulpes vulpes,Mus spretus
Vulpes vulpes,Muscardinus avellanarius
Vulpes vulpes,Myodes glareolus
Vulpes vulpes,Apodemus mystacinus
Vulpes vulpes,Myodes rufocanus
Vulpes vulpes,Myodes rutilus
Vulpes vulpes,Myomimus roachi
Vulpes vulpes,Myomimus setzeri
Vulpes vulpes,Myopus schisticolor
Vulpes vulpes,Apodemus ponticus
Vulpes vulpes,Apodemus sylvaticus
Vulpes vulpes,Ochotona hyperborea
Vulpes vulpes,Apodemus uralensis
Vulpes vulpes,Ochotona pusilla
Vulpes vulpes,Oryctolagus cuniculus
Vulpes vulpes,Apodemus witherbyi
Vulpes vulpes,Prometheomys schaposchnikowi
Vulpes vulpes,Pteromys volans
Vulpes vulpes,Pygeretmus platyurus
Vulpes vulpes,Arvicola amphibius
Vulpes vulpes,Pygeretmus pumilio
Vulpes vulpes,Rhombomys opimus
Vulpes vulpes,Arvicola sapidus
Vulpes vulpes,Sciurus anomalus
Vulpes vulpes,Sciurus vulgaris
Vulpes vulpes,Sicista armenica
Vulpes vulpes,Sicista betulina
Vulpes vulpes,Sicista caucasica
Vulpes vulpes,Sicista kazbegica
Vulpes vulpes,Arvicola scherman
Vulpes vulpes,Sicista kluchorica
Vulpes vulpes,Sicista severtzovi
Vulpes vulpes,Sicista strandi
Vulpes vulpes,Sicista subtilis
Vulpes vulpes,Sorex alpinus
Vulpes vulpes,Sorex antinorii
Vulpes vulpes,Sorex araneus
Vulpes vulpes,Sorex caecutiens
Vulpes vulpes,Sorex coronatus
Vulpes vulpes,Sorex granarius
Vulpes vulpes,Sorex isodon
Vulpes vulpes,Sorex minutissimus
Vulpes vulpes,Sorex minutus
Vulpes vulpes,Sorex raddei
Vulpes vulpes,Sorex samniticus
Vulpes vulpes,Sorex satunini
Vulpes vulpes,Sorex tundrensis
Vulpes vulpes,Sorex volnuchini
Vulpes vulpes,Spalax arenarius
Vulpes vulpes,Spalax ehrenbergi
Vulpes vulpes,Spalax giganteus
Vulpes vulpes,Spalax graecus
Vulpes vulpes,Spalax leucodon
Vulpes vulpes,Spalax microphthalmus
Vulpes vulpes,Spalax nehringi
Vulpes vulpes,Spalax uralensis
Vulpes vulpes,Spalax zemni
Vulpes vulpes,Spermophilus citellus
Vulpes vulpes,Spermophilus fulvus
Vulpes vulpes,Spermophilus major
Vulpes vulpes,Spermophilus musicus
Vulpes vulpes,Spermophilus pygmaeus
Vulpes vulpes,Spermophilus taurensis
Vulpes vulpes,Spermophilus xanthoprymnus
Vulpes vulpes,Stylodipus telum
Vulpes vulpes,Suncus etruscus
Vulpes vulpes,Talpa caeca
Vulpes vulpes,Talpa caucasica
Vulpes vulpes,Talpa davidiana
Vulpes vulpes,Talpa europaea
Vulpes vulpes,Talpa levantis
Vulpes vulpes,Talpa occidentalis
Vulpes vulpes,Talpa romana
Vulpes vulpes,Talpa stankovici
Vulpes vulpes,Tamias sibiricus
Vulpes vulpes,Tatera indica
Vulpes vulpes,Calomyscus urartensis
Vulpes vulpes,Acomys nesiotes
Vulpes vulpes,Castor fiber
Vulpes vulpes,Chionomys gud
Vulpes vulpes,Chionomys nivalis
Vulpes vulpes,Chionomys roberti
Vulpes vulpes,Cricetulus migratorius
Vulpes vulpes,Cricetus cricetus
Vulpes vulpes,Crocidura arispa
Vulpes vulpes,Crocidura armenica
Vulpes vulpes,Allactaga elater
Vulpes vulpes,Crocidura caspica
Vulpes vulpes,Crocidura leucodon
Vulpes vulpes,Crocidura pachyura
Vulpes vulpes,Crocidura russula
Vulpes vulpes,Crocidura serezkyensis
Vulpes vulpes,Crocidura sicula
Vulpes vulpes,Crocidura suaveolens
Vulpes vulpes,Allactaga euphratica
Vulpes vulpes,Desmana moschata
Vulpes vulpes,Dicrostonyx torquatus
Vulpes vulpes,Dinaromys bogdanovi
Vulpes vulpes,Diplomesodon pulchellum
Vulpes vulpes,Dipus sagitta
Vulpes vulpes,Dryomys laniger
Vulpes vulpes,Eliomys melanurus
Vulpes vulpes,Ellobius lutescens
Vulpes vulpes,Allactaga major
Vulpes vulpes,Ellobius talpinus
Vulpes vulpes,Allactaga sibirica
Vulpes vulpes,Galemys pyrenaicus
Vulpes vulpes,Dipodillus dasyurus
Vulpes vulpes,Glis glis
Vulpes vulpes,Allactaga williamsi
Vulpes vulpes,Hystrix cristata
Vulpes vulpes,Hystrix indica
Vulpes vulpes,Lagurus lagurus
Vulpes vulpes,Lemmus lemmus
Vulpes vulpes,Lemmus sibiricus
Vulpes vulpes,Lepus capensis
Vulpes vulpes,Lepus castroviejoi
Vulpes vulpes,Lepus corsicanus
Vulpes vulpes,Lepus europaeus
